:0400000085EF00F098
:10000800EB07EB07EB07EB07EB07EB07EB07EA065A
:10001800EB07EB072A043804EB07EB07EB07EB07C2
:100028004604EB07EB07EB070E04EB071C04EB0792
:10003800EB07EB07EB07EB078102EB07EB07D002B7
:10004800CF04C204EB07EB07EB07EB07EB07EB0763
:10005800E904EB07DC04EB07D401EB07EB07EB073C
:10006800EB07EB07EB07EB07540462047004EB079C
:10007800EB07EB07EB07EB074200EB07EB07EB0798
:10008800EB07EB07EB07EB077002EB07EB07EB0758
:100098000305F604EB07EB074200EB07EB07EB075A
:1000A800EB07EB07EB07EB077E048C049A04EB07DE
:1000B800EB07EB07EB07EB07EB07EB07EB07EB07A8
:1000C800EB07EB07EB07EB07EB07EB07EB07EB0798
:1000D800EB07EB07EB07EB07EB07EB07EB07EB0788
:1000E8004200EB07EB07EB07EB07EB07EB07EB0728
:1000F800E107EB07EB073A06EB07EB07EB07EB0724
:10010800FF004CEFE3F08CC581F58DC582F5E0EC7E
:100118000BF081518E6FD1ECFAF099EC0FF0C1968B
:10012800140E05018E6501D08E6F6CC781F56DC701
:1001380082F58CC583F58DC584F58EC585F5866BEE
:1001480074EC01F00001E86BFC9F8EC581F5050198
:10015800826B4DEC0EF00501826B010E816F54EC41
:100168000EF0FC8FB4EF0FF08551861187118811BE
:1001780023E0010E896F06D0D890853786378737F8
:100188008837892B88AFF8D78551815D8651825988
:10019800875183598851845908E38551815F865175
:1001A800825B8751835B8851845BD890883387331F
:1001B80086338533892FE8D781C581F582C582F5D5
:1001C80083C583F584C584F5120001000000010091
:1001D8000000010000000100000001000000000014
:1001E8000000000000000000000000000000000007
:1001F80000000000000000000001020000000800EC
:100208000000000000000A00000102000100C60012
:10021800000000000000C900000104000000010007
:100228000000000000000500896FD1ECFAF099EC9D
:100238000FF0C1966CC7D9F46DC7DAF4FE0EDF6E05
:1002480020EE01F06C51D9266D51DA22450EDF6E91
:1002580020EE02F06C51D9266D51DA2289C5DFF4FF
:100268000001E86BFC9F0501826B030E816F4DEC6A
:100278000EF00501826B010E816F54EC0EF0FC8FBD
:10028800B4EF0FF081C587F582C588F516D08507CC
:10029800D8A0860783C5F6F484C5F7F4834B842B6E
:1002A800000EF86E87C5D9F488C5DAF4874B882B19
:1002B8000800F5C4DFF4DF500BE08551861108E033
:1002C800E6D787C5D9F488C5DAF4DF6A874B882B67
:1002D8008507D8A086078529F4E18629F2E112006E
:1002E80083C589F584C58AF581C587F582C588F5F2
:1002F8001DD089C5F6F48AC5F7F4000EF86E3F0ED6
:10030800F76403D00800F55005D0F6C4E1F4F7C44B
:10031800E2F4E75005018B6F894B8A2B87C5D9F426
:1003280088C5DAF48BC5DFF4874B882B8507D8A0FE
:1003380086078529DEE18629DCE11200CBECFFF097
:1003480010EC0EF08CECFAF099ECF1F0F9EC0DF001
:100358001BECFEF0C3ECFEF0B9EC0DF005EC0EF072
:1003680023EC05F00FEC0BF0E2ECFDF0EAEC02F008
:1003780046EC0FF0C3EC02F011EC03F06EECF9F070
:1003880045ECFAF024EC02F0C6EC0DF04DEC02F06E
:1003980093EC07F0CBEF0EF0000000000000000027
:1003A8000000000000000000000000000000000045
:1003B8000000000000001000000000000000000025
:1003C8000000000000000000000000000000000025
:1003D80000000000000000000000011600000000FE
:1003E8000000000100000017000B0000926F47504A
:1003F8000AE01200400E03D0140E01D0540E936F81
:100408000CD0936B0AD005019251FBE0010AF2E08F
:10041800030AF2E0010AF2E0F4D793518F2518ECB1
:1004280001F0900E0501816F010E826F836B846B62
:10043800F9EC0AF090C58CF591C58DF587EF00F0C1
:100448000201B86BB96BBA6BBB6BBC6BBD6BB40EFE
:10045800BE6F800EBF6FC06B820EC16F060EC26F7B
:10046800C36BC46BC56BC66B000E0501816B826BD9
:10047800836BCFEC0FF0000E816B826B836BCEEC3D
:100488000FF0000E816B826B836BD0EC0FF0556A16
:1004980012000F0E0301586F596F5751F30B0809DB
:1004A800576F566B556B100E546F210E536FF30E2A
:1004B8005717566B556B54695369526B516B506B98
:1004C8004F6B3F0E5F6F5E695D695C6B5B6B5A6B70
:1004D800616BBD94AD94B69EA69E800E576F606BFF
:1004E8001200570E0501846F0001919FB40E05019B
:1004F800816F980E826F010E836FD2EC0EF05A0E48
:10050800816F1C0E826F000E836FD9EC0EF002D043
:100518008DC084F5000194A7FBD784C502FA94978F
:100528009383918F000E0501816F81C5FBF3120043
:100538008CC581F58DC582F58EC583F58FC584F58B
:100548008CECFEF081C590F582C591F58E518C2515
:10055800D96E8F518D21DA6E91C5DFF48E4B8F2BBA
:100568008E518C25D96E8F518D21DA6E90C5DFF4AE
:100578008E4B8F2B8EC58CF58FC58DF51200030120
:10058800376B386B010E396F630E356FC00E346FE1
:10059800B698345135C384F50501856B84C585F556
:1005A800846B841107018C6F0501855107018D6FDC
:1005B800A688A40E0501816F1F0E826F000E836F3F
:1005C800AFEC0EF0310E0301366F310C03012B6BCB
:1005D8002C6B010E2D6FF00E296F600E286FB398EB
:1005E800285129C384F50501856B84C585F5846B7D
:1005F80084110801FB6F050185510801FC6FA38870
:10060800A80E0501816F1F0E826F000E836FB6EC76
:100618000EF0330E03012A6F330C1F6B206B050E8F
:10062800216F0B0E1D6FDC0E1C6FB1981C511DC382
:1006380084F50501856B84C585F5846B84110801F3
:10064800F96F050185510801FA6FA188AA0E050105
:10065800816F1F0E826F000E836FBDEC0EF0310E9E
:1006680003011E6F310C010E0A01C96F2BEE50F207
:10067800DE2A000EDE22DE22DE22C7C242F5B95192
:100688003924D96EBA513A20DA6E42C5DFF4B92B53
:10069800000EBA23BB23BC23BC51BB11BA1104E121
:1006A800FA0EB95DD8A01200B96BBA6BBB6BBC6B04
:1006B8001200856B866B835184111BE0010E876FD6
:1006C80004D0D89083378437872B84AFFAD7D89053
:1006D800853786378351815D8451825905E383517B
:1006E800815F8451825B8581D89084338333872FDF
:1006F800EED785C581F586C582F5120084BF09D07D
:1007080081C581F582C582F583C583F584C584F5E5
:10071800120081C585F582C586F583C587F584C530
:1007280088F5851F861F871F881F852B000E862347
:100738008723882385C581F586C582F587C583F516
:0607480088C584F5000CD9
:10075000D8C479F5FAC47AF5FBC47BF5B398FBC825
:1007600077F5FCC878F51DEC0DF00801B151B21118
:10077000B3110CE001D80AD00500FA6EB151FD6E3C
:10078000B251FE6EB351FF6EFA5012007BC5FBF4FE
:100790007AC5FAF479C5D8F411000501856F3B0ECE
:1007A0000301EC6F050185515BEC0EF087EC0FF057
:1007B0000009FCE063EC0CF08551020D000EF324FF
:1007C000D96E0E0EF420DA6E81C5DEF482C5DDF43A
:1007D0008551020D000EF324D96E0E0EF420DA6E50
:1007E0001200000ED6BE010E846F380E0001456F58
:1007F00082C544F081C543F083C546F04151F80BF2
:100800000309416FD69E550E426FAA0E426F40817A
:1008100040B1FED7050184B102D0D69E01D0D68E5C
:10082000F80E00014117F80C6BEC0FF00009D8B47A
:100830001200090196510501916F090197510501B7
:10084000926F0901964B972B410E0501915D1F0E8A
:100850009259D8A012008FC58CF590C58DF5080E61
:100860008E6F20EC0AF00901966B976B12008A6F6D
:1008700005018151030B846F856B000E8403F3C463
:1008800086F5F4C487F58503F3508727020E8403A9
:10089000F3508727C00E8625886F200E8721896F29
:1008A0008A51030B800DF3508825816FF450892104
:1008B000826F1200710E7C6F060E7D6F6DC671F631
:1008C0006EC672F6736B746B7A6B7B6B710E656FB1
:1008D000060E666F6FC667F670C668F67C0E696FA7
:1008E000060E6A6F00EC80F073516D25D96E74515D
:1008F0006E21DA6EDF6A1200A30E05018C6FF80E0E
:100900008D6F040E8E6FFEECFCF0876B0A0E866F07
:10091000FAECFEF0A30E8C6FF80E8D6F040E8E6F46
:10092000FEECFCF0876B0A0E866FFAECFEF00B0112
:100930008E6B8F6B906B916B120095C581F596C590
:1009400082F5846B0A0E836F62EC05F081C593F526
:1009500082C594F574EC0DF093C5EFF894C5F0F8EA
:1009600095C581F596C582F5846B0A0E836F5DECA3
:1009700003F081C5F1F882C5F2F8120081C585F552
:1009800082C586F514D0010E0001826F85C5D9F4A9
:1009900086C5DAF4DF50816FB1A0FED785C5D9F4E2
:1009A00086C5DAF480C0DFF40501854B862B83070A
:0E09B000D8A084078329E7E18429E5E112003D
:1009C000D8C471F5FAC472F5FBC473F5B6988CC738
:1009D0006FF58DC770F5FFEC0CF007018A4B8B2B80
:1009E0008B5103E1320E8A5D05E394EC0CF00701B4
:1009F0008A6B8B6B73C5FBF472C5FAF471C5D8F4BE
:020A00001100E3
:100A0400D8C47EF5FAC47FF5FBC480F5B198F9C863
:100A14007CF5FAC87DF52CEC0DF00801F74BF82BAA
:100A2400F85103E1020EF75D05E33BEC0DF008011C
:100A3400F76BF86B80C5FBF47FC5FAF47EC5D8F478
:100A440011004D0E1B6F1B0E196F1E0E186F1851DF
:100A540019C384F50501856B84C585F5846B841100
:100A64003D6E85513E6EB19EA18EA60E816F1F0E06
:100A7400826F000E836FC4EC0EF0900E03011A6FA8
:100A8400900C0F0E0D0154153B6E3C6A030E3B187F
:100A94003C1005E1010E0901A46F486A0DD0482AF3
:100AA40048040501816F030E816506D00901A46B1A
:100AB4000501FA6B050EF96F010E07019D6F010C1C
:100AC4008351841117E0010E856F04D0D8908337C9
:100AD4008437852B84AFFAD78351815D8451825941
:100AE40004E38351815F8451825BD89084338333E0
:100AF400852FF2D781C581F582C582F512000501E3
:100B0400896FD1ECFAF099EC0FF0C1966CC7D9F467
:100B14006DC7DAF489C5DFF40001E86BFC9F0501B9
:100B2400826B010E816F4DEC0EF00501826B010E9C
:100B3400816F54EC0EF0FC8FB4EF0FF0D8C474F551
:100B4400FAC475F5FBC476F5B19E3EC519F33DC5EF
:100B540018F30701884B892B895103E1040E885D42
:100B640005E3A4EC0CF00701886B896B76C5FBF4F4
:100B740075C5FAF474C5D8F4110010000000000023
:100B84000000000000000000000000000000000061
:100B940000000000000000000102000100C8000085
:100BA4000000000000CB0000010200000000000073
:100BB40000000000000200C22AC228000000000059
:100BC40011CB07C307800007571904012000000058
:100BD40000000000000000000000808042000000CF
:100BE400000D808042E5612140CD0C0543000300E7
:030BF4005719424C
:100BF8000501846F020E0501836F05018351020D03
:100C0800740EF324D96E0B0EF420DA6EDE50DE106B
:100C180004E101D002D0010E01D0000E0009D8B4C1
:100C280012002BEEA0F284C5DFF4120092C5FEF884
:100C38000801FF6B05019151936F946B93C594F56F
:100C4800936B956B9451966F95510801FE130501AE
:100C580096510801FF13FD0E05018C6F080E8D6F6C
:100C6800030E8E6F70EFFDF0C084C80E816F0B0EFF
:100C7800826F030E3924836F000E3A20846F866BCF
:100C8800100E856F74EC01F00B01D56BD6CB81F596
:100C9800D7CB82F5E1EC0CF081C5D6FB82C5D7FB3A
:100CA800C09412000501856F855109E063C981F57B
:100CB80064C982F565C983F566C984F5120090C8D0
:100CC80063F991C864F992C865F993C866F963C96C
:100CD80081F564C982F565C983F566C984F5120092
:100CE8000501856F855109E067C981F568C982F5F5
:100CF80069C983F56AC984F5120094C867F995C86B
:100D080068F996C869F997C86AF967C981F568C921
:100D180082F569C983F56AC984F512000601800E57
:100D2800071B00C6CAF501C6CBF502C6CCF503C63B
:100D3800CDF504C6CEF505C6CFF506C6D0F507C66F
:100D4800D1F571ECDDF0CAC500F6CBC501F6CCC50E
:100D580002F6CDC503F6120092C581F593C582F55A
:100D680094C583F595C584F596C585F597C586F52B
:100D780074EC01F092C58CF593C58DF596C58EF58A
:100D880097C58FF59CEC02F08CC592F58DC593F54F
:100D9800120081C586F582C587F583C588F584C5A7
:100DA80089F586C585F587C586F585C587F588C51E
:100DB80085F589C588F585C589F586C581F587C511
:100DC80082F588C583F589C584F512000501626B33
:100DD8006251020D740EF324D96E0B0EF420DA6EF4
:100DE800DE50DE100BE06251020D740EF324D96E52
:100DF8000B0EF420DA6EDE06000EDD5A622B0C0EA6
:100E08006265E6D70C0C4F66666C696E650000007B
:100E18000000454D3534300000000000000000019E
:100E28000300400005000000000000004800000129
:100E380003004000040000000000000047000D010E
:100E480052510501826F816B0D01545105018125B5
:100E58000701866F0D015551050182210701876F32
:100E68000901A45104E0090E07019D6F090C0B0E3E
:100E780007019D6F0B0CC0845D0E816F050E826F9C
:100E8800030E3924836F000E3A20846F866B020E9E
:100E9800856F74EC01F05DC581F55EC582F5E1EC06
:100EA8000CF081C55DF582C55EF5C09412005750FF
:100EB800FEE0000E5824D96EDA6A130EDA22DF50EB
:100EC800566E000E5824D96EDA6A190EDA22DF50EF
:100ED8000501816F582A582801E1586AA2905706DF
:100EE800A280815112004F50FEE0000E5024D96EAE
:100EF800DA6A140EDA22DF504E6E000E5024D96ED4
:100F0800DA6A1A0EDA22DF500501816F502A50285A
:100F180001E1506AA7904F06A78081511200000195
:100F2800916B240E926F010E936F996B966BC98427
:100F3800A384A380BE0E0501816F1F0E826F000E71
:100F4800836FD9EC0EF0C00E816F1F0E826F000EFA
:100F5800836FD2EF0EF0696B6951020D740EF324A2
:100F6800D96E0B0EF420DA6EDE50DE100BE06951FC
:100F7800020D740EF324D96E0B0EF420DA6EDE0621
:100F8800000EDD5A692B0C0E6965E6D70C0C840E31
:100F98000501816F0F0E826F5E0E836FFE0E846FE8
:100FA800866B200E856F46EC01F0C80E816F0F0E20
:100FB800826FBC0E836FFF0E846F866B0C0E856F7D
:100FC80046EF01F0840E0501816F0F0E826F1B0E34
:100FD800836FFF0E846F866B200E856F46EC01F0E1
:100FE800C80E816F0F0E826FB50E836FFF0E846F70
:100FF800866B0C0E856F46EF01F0840E0501816F3C
:101008000F0E826F570E836FFF0E846F866B200E54
:10101800856F46EC01F0C80E816F0F0E826FD40EFB
:10102800836FFF0E846F866B0C0E856F46EF01F0A1
:10103800FAC407F5FBC408F5B0980801C651C711F2
:10104800C8110CE001D80AD00500FA6EC651FD6E31
:10105800C751FE6EC851FF6EFA50120008C5FBF466
:0610680007C5FAF41100B7
:10107000FAC409F5FBC40AF5B09C0801C351C411B8
:10108000C5110CE001D80AD00500FA6EC351FD6EFF
:10109000C451FE6EC551FF6EFA5012000AC5FBF432
:0610A00009C5FAF411007D
:1010A800FAC40BF5FBC40CF5AF940801BD51BE1191
:1010B800BF110CE001D80AD00500FA6EBD51FD6ED3
:1010C800BE51FE6EBF51FF6EFA5012000CC5FBF404
:0610D8000BC5FAF4110043
:1010E000FAC40DF5FBC40EF5AF960801B751B8115F
:1010F000B9110CE001D80AD00500FA6EB751FD6EA7
:10110000B851FE6EB951FF6EFA5012000EC5FBF4D5
:061110000DC5FAF4110008
:10111800FAC40FF5FBC410F5B0900801BA51BB1121
:10112800BC110CE001D80AD00500FA6EBA51FD6E68
:10113800BB51FE6EBC51FF6EFA50120010C5FBF495
:061148000FC5FAF41100CE
:10115000FAC425F5FBC426F5B4980801AB51AC11CF
:10116000AD110CE001D80AD00500FA6EAB51FD6E4E
:10117000AC51FE6EAD51FF6EFA50120026C5FBF465
:0611800025C5FAF4110080
:10118800FAC427F5FBC428F5B49A0801A851A91197
:10119800AA110CE001D80AD00500FA6EA851FD6E1C
:1011A800A951FE6EAA51FF6EFA50120028C5FBF431
:0611B80027C5FAF4110046
:1011C000FAC429F5FBC42AF5B49C0801A551A6115F
:1011D000A7110CE001D80AD00500FA6EA551FD6EEA
:1011E000A651FE6EA751FF6EFA5012002AC5FBF4FD
:0611F00029C5FAF411000C
:1011F800FAC42BF5FBC42CF5B8980801A251A31129
:10120800A4110CE001D80AD00500FA6EA251FD6EB7
:10121800A351FE6EA451FF6EFA5012002CC5FBF4C8
:061228002BC5FAF41100D1
:10123000FAC42DF5FBC42EF5B89A08019F51A011F0
:10124000A1110CE001D80AD00500FA6E9F51FD6E85
:10125000A051FE6EA151FF6EFA5012002EC5FBF494
:061260002DC5FAF4110097
:10126800FAC42FF5FBC430F5B89C08019C519D11B8
:101278009E110CE001D80AD00500FA6E9C51FD6E53
:101288009D51FE6E9E51FF6EFA50120030C5FBF460
:101298002FC5FAF4110007019E51020DD70EF32451
:1012A800D96E090EF420DA6E54CDDEF455CDDDF496
:1012B8009E2B0D01BC5104E10A0E07019D6F0A0C1B
:1012C800BC6B070E07019D6F070C000EE76F1C0E25
:1012D800E86F030EE725E56F000EE821E66F030EC1
:1012E800E725376E000EE821386E100E816F180E54
:0E12F800826F000E836FB6EC0EF096EF0FF0D3
:10130800FAC403F5FBC404F50801D551D611D71169
:101318000CE001D80AD00500FA6ED551FD6ED65101
:10132800FE6ED751FF6EFA50120004C5FBF403C5D8
:10133800FAF41100FAC405F5FBC406F50801D85102
:10134800D911DA110CE001D80AD00500FA6ED8518B
:10135800FD6ED951FE6EDA51FF6EFA50120006C5C5
:10136800FBF405C5FAF41100FAC411F5FBC412F533
:101378000801D251D311D4110CE001D80AD00500CC
:10138800FA6ED251FD6ED351FE6ED451FF6EFA50F3
:10139800120012C5FBF411C5FAF41100FAC41FF5C6
:1013A800FBC420F50801CF51D011D1110CE001D8B0
:1013B8000AD00500FA6ECF51FD6ED051FE6ED151A4
:1013C800FF6EFA50120020C5FBF41FC5FAF4110095
:1013D800FAC421F5FBC422F50801DB51DC11DD114B
:1013E8000CE001D80AD00500FA6EDB51FD6EDC5125
:1013F800FE6EDD51FF6EFA50120022C5FBF421C5C6
:10140800FAF41100FAC423F5FBC424F50801DE51EF
:10141800DF11E0110CE001D80AD00500FA6EDE51A8
:10142800FD6EDF51FE6EE051FF6EFA50120024C5CA
:10143800FBF423C5FAF41100F351D8A41200420EAC
:10144800816F0F0E826F8CC583F58DC584F5D8909A
:101458008E35856F866B863774EC01F0F26B8EC51E
:10146800F3F5010E0901A56F010C000E0801E16FEB
:101478001E0EE26F030EE1250901856F000E0801BB
:10148800E2210901866F100E0501816F180E826F27
:10149800000E836FB6EC0EF096EF0FF0816F52508E
:1014A800FEE0A7B203D081C5C9F20FD0A792000E03
:1014B8005424D96EDA6A100EDA2281C5DFF4542A70
:1014C8003F0E546401D0546A5206A78212008F6BF3
:1014D800906B0BD08EC581F5826B8CC583F58DC55D
:1014E80084F51EECF7F08F4B902B8F518A25D96E1F
:1014F80090518B21DA6EDF508E6F8E51EBE1120026
:10150800030E3B183C1009E00901A46B0501FA6BB6
:10151800050EF96F07019D6B12000901875104E15F
:101528000A0E07019D6F0A0C010E07019D6F010C41
:1015380081C585F582C586F583C5F6F484C5F7F4BB
:10154800834B842B000EF86E85C5D9F486C5DAF472
:10155800854B862B0800F5C4DFF4DF50EDE112005F
:101568008B6F0901A851D8B41200A86BA06BA16BAE
:1015780005018B5106E0530E1BEC0EF0020E81EFB5
:1015880005F0530E1BEC0EF0080E81EF05F0D1ECC0
:10159800FAF0C280C282C18600018785849F030E4B
:1015A800846F859B859D858F859985938591866FA9
:1015B8008C6B070E896F848F8795070CD1ECFAF036
:1015C800C280C282C18600018785849F030E846F12
:1015D800859B859D858F859985938591866F8C6B75
:1015E800070E896F848F8795070C856B866B876BD1
:1015F800886B000000000501852B000E86238723D9
:1016080088238551815D8651825987518359885134
:101618008459EFE21200010E3E6F3D6B3F6B7F0E67
:101628003B6F3A6BBD96AD86D40E0501816F0D0EEA
:10163800826F000E836FA8EC0EF0C30E03013C6F9F
:10164800C30C0D0152510501986F976B0D01545150
:1016580005019725956F0D01555105019821966F44
:101668009DEC04F0050E07019D6F050C0D0152510C
:101678000501986F976B0D01545105019725956FDA
:101688000D01555105019821966F9DEC04F0040E4B
:1016980007019D6F040C44C58EF58E510FE08CC573
:1016A80081F58DC582F5000E836F0F0E846FD8907B
:1016B8008E35856F866B863774EC01F0446A1200AC
:1016C80081C587F582C588F508D087C5D9F488C54E
:1016D800DAF483C5DFF4874B882B8507D8A0860703
:1016E8008529F3E18629F1E11200D69E550EB46FE3
:1016F800AA0EB46FB491D68E010EBF6F020EB66FEC
:10170800070EBE6FD69E550EB46FAA0EB46FB48185
:10171800D68EAA0C400E5A6010D0400E5B24D96EAB
:10172800DA6A100EDA22DF500201A36F5B2A3F0E3D
:101738005B6401D05B6A5A2A1200A2921200400E22
:10174800526010D0000E5324D96EDA6A100EDA22D5
:10175800DF500201C96F532A3F0E536401D0536A08
:10176800522A1200A7921200000E396E1B0E3A6E12
:10177800030E3924E96F000E3A20EA6F100E816FCC
:10178800180E826F000E836FB6EC0EF096EF0FF016
:10179800000E356E1D0E366E030E3524E36F000EF7
:1017A8003620E46F100E816F180E826F000E836F63
:1017B800B6EC0EF096EF0FF081C583F582C584F57F
:1017C80002D0814B822B81C5D9F482C5DAF4DF506F
:1017D800F8E18351815D816F84518259826F1200D3
:1017E800826F080E0501836F846BD890823584352B
:1017F800846FD89082378151845D02E38151845F80
:10180800832FF3D784511200902B000E912392233B
:101818009323942B952396239723412AC70E41643B
:10182800C70C982B000E99239A239B23416A120018
:101838000801CC51CD11CE110CE001D80AD0050019
:10184800FA6ECC51FD6ECD51FE6ECE51FF6EFA5040
:10185800120004010F9D120081C5B3FA82C5B4FAC3
:1018680083C5B1FA84C5B2FA0A01BD2B000EBE23A6
:10187800BF23C023AF4BB02B000C0501815182114F
:101888008311841102E0800E841B81C581F582C515
:1018980082F583C583F584C584F51200D1ECFAF08E
:1018A800C280C2820001849F240E856F020E866F5B
:1018B8008C6F040E896F830E846F848F830CEB51B9
:1018C8000501836F846B83C584F5836B0301EA513B
:0E18D80005018325816F000E8421826F1200AE
:1018E800D8C46CF5FAC46DF5FBC46EF5BD9684ECEE
:1018F8000CF06EC5FBF46DC5FAF46CC5D8F4110094
:101908000801C951CA11CB11D8B412000500FA6EEA
:10191800C951FD6ECA51FE6ECB51FF6EFA501200CE
:101928000801C051C111C211D8B412000500FA6EE5
:10193800C051FD6EC151FE6EC251FF6EFA501200C9
:101948000801B451B511B611D8B412000500FA6EE9
:10195800B451FD6EB551FE6EB651FF6EFA501200CD
:1019680022EEA2F311EEB7F3250EDBC4E3F4E8068A
:10197800FCE20701D8A1D881D8A3D8831200A69881
:10198800610006F64CFE61000AF64DFE61000EF697
:101998004EFE610012F64FFEA6881200816F550EAA
:1019A8000001B46FAA0EB46FB49181C5B6F0550E9C
:1019B800B46FAA0EB46FB481AA0C81C584F582C530
:1019C80085F584C583F585C584F583C585F584C506
:1019D80081F585C582F51200C8C5C4F5C9C5C5F528
:1019E800A40EC66F0F0EC76F54ECFEF0C4C5C8F541
:1019F800C5C5C9F51200030136A507D0369170C5D3
:101A080035F36FC534F33681120070C535F36FC5F1
:101A180034F312000001919F918F94BF02D094A7D4
:101A280012000901102B000E112312231323BF8269
:101A3800000C03012AA507D02A9178C529F377C598
:101A480028F32A81120078C529F377C528F31200F4
:101A580003011EA507D01E917DC51DF37CC51CF38F
:101A68001E8112007DC51DF37CC51CF31200AE510A
:101A7800AF11B011D8B412000500FA6EAE51FD6E68
:101A8800AF51FE6EB051FF6EFA501200FF0E812565
:101A9800836FFF0E8221846F83C5E0FB84C5E1FB61
:101AA8000B01E26BE36B12000501826F82C581F5C1
:101AB800030E81172AEEC0F0DF508119FC0B811943
:101AC800DF6E1200840E0501816F0F0E826F2F0EDC
:101AD800836FFF0E846F866B200E856F46EF01F0D3
:101AE80094BF05D093C593F594C594F51200931D42
:101AF800936F941D946F934B942B1200000E5924EE
:101B0800D96EDA6A190EDA22A1C2DFF4592A5928E5
:101B180001E1596A572A1200000E5124D96EDA6A77
:101B28001A0EDA22C7C2DFF4512A512801E1516A9C
:101B38004F2A120000C041459A994941000000000F
:0F1B4800000096439A9949410000004010FFFFAA
:101B5800C00E0501816F200E826F846B836B080EA7
:101B6800866F020E856F64EF0BF0020E0301326F71
:101B7800200E316F336BC70E2F6F2E6BB9969F0EE9
:101B8800306F9F0C830E0001846F240E856F030E47
:0E1B9800866F020E8C6F040E896FC896040CC7
:101BA800FAC401F5FBC402F504010FBD1CEC0CF0EE
:101BB80002C5FBF401C5FAF41100380E0001456FA7
:101BC80082C544F081C543F0F80E41174081465163
:101BD8001200030157B1120084C552F383C551F3B3
:101BE80082C550F381C54FF31200200E0001AD6F7E
:101BF800AF6B010EB36F080EB16FB06BB2B11200CC
:101C0800FDD7010E266F256B276B630E236F226BA2
:101C1800B1968F0E246F8F0C0001606B616B626B45
:101C2800636B646B656B666B676B686B12000501B1
:101C38008A6FFE0E81EC05F005018A5181EF05F0EF
:101C4800455004E0010E0701966FBF82CFC44DF5E1
:101C5800120009014C2B000E4D234E234F23000187
:101C6800976B1200000102000100C700000000008D
:101C78000000CA006F6B6C6B6E6B6D6B706B716B79
:101C8800726B120020EE07F01751D9261851DA228C
:101C980012000001E86B81C5F7F082C5F8F0120068
:101CA8000001E86B81C5EEF082C5EFF01200816F8C
:101CB80081C5ECF30301F38FF381120081C5DBF8D2
:101CC80082C5DCF883C5DDF8120081C5DEF882C55F
:101CD800DFF883C5E0F8120081C576F982C577F987
:101CE80083C578F9120081C579F982C57AF983C567
:101CF8007BF9120081C573F982C574F983C575F93A
:101D0800120081C5D5F882C5D6F883C5D7F8120068
:101D180081C5D8F882C5D9F883C5DAF8120081C51B
:101D28007FF982C580F983C581F9120081C582F9DE
:101D380082C583F983C584F9120081C57CF982C5FF
:101D48007DF983C57EF9120081C5C9F882C5CAF834
:101D580083C5CBF8120081C5C0F882C5C1F883C518
:101D6800C2F8120081C5B1F882C5B2F883C5B3F8CC
:101D7800120081C5AEF882C5AFF883C5B0F812006D
:101D880081C5B4F882C5B5F883C5B6F81200550EFA
:101D98000001B46FAA0EB46FB481AA0C81C5CFF844
:101DA80082C5D0F883C5D1F8120081C5D2F882C5A2
:101DB800D3F883C5D4F8120081C5CCF882C5CDF814
:101DC80083C5CEF8120081C5A2F882C5A3F883C5E1
:101DD800A4F8120081C59CF882C59DF883C59EF8B9
:101DE800120081C59FF882C5A0F883C5A1F812002A
:101DF80081C5ABF882C5ACF883C5ADF8120081C5C2
:101E0800A5F882C5A6F883C5A7F8120081C5A8F869
:101E180082C5A9F883C5AAF8120081C5C6F882C58B
:101E2800C7F883C5C8F8120081C5C3F882C5C4F8CD
:101E380083C5C5F8120081C5BAF882C5BBF883C549
:101E4800BCF8120081C5B7F882C5B8F883C5B9F8DF
:101E5800120081C5BDF882C5BEF883C5BFF812005F
:101E68002AEEC0F0DF50030B0CEFE9F00801906B8D
:101E7800916B926B936B12000801986B996B9A6B3C
:101E88009B6B1200940E00017F6F400E7D6F400C1B
:101E9800606FB6A2FED760C5B6F2120044C581F5E0
:101EA8000501815112000001E86BFC9DFC9B1200AA
:101EB800946B956B966B976B120005018B6F8B512A
:101EC8001BEF0EF03EC519F33DC518F31200F35190
:101ED80001E1010C000C0A0E07019D6F0A0C080EA7
:101EE80007019D6F080C030E07019D6F030C4450FA
:101EF80001E1000C010C5750D8A4010C000C4F5004
:101F0800D8A4010C000C0301F3A1010C000C010E74
:0D1F18000901876F010C0500800080001199
:101F260007019D6B120003012A81120007016887D1
:101F36001200E86BFC8D12000301368112000301CA
:101F4600248F120003011E81120003011A8F120052
:101F56000501F72B1200C19EFF00120007016897CA
:101F660012009CEF0FF0B8EF0FF03C8F1200BCEFA1
:101F76000FF0308F1200A2EF0FF082EF0DF0BD9040
:101F86001100BF821200BF82120090EF0DF0BF82D7
:101F96001200000C120012001200120012001200B1
:101FA600120012001200110012001200120012009C
:101FB600120012001200120012001200120012008B
:051FC6001200120001F1
:10F29E000000C0C101C30302C2C60607C705C5C42C
:10F2AE0004CC0C0DCD0FCFCE0E0ACACB0BC909085C
:10F2BE00C8D81819D91BDBDA1A1EDEDF1FDD1D1C9C
:10F2CE00DC14D4D515D71716D6D21213D311D1D02C
:10F2DE0010F03031F133F3F23236F6F737F53534CC
:10F2EE00F43CFCFD3DFF3F3EFEFA3A3BFB39F9F89C
:10F2FE003828E8E929EB2B2AEAEE2E2FEF2DEDEC3C
:10F30E002CE42425E527E7E62622E2E323E121206B
:10F31E00E0A06061A163A3A26266A6A767A565646B
:10F32E00A46CACAD6DAF6F6EAEAA6A6BAB69A9A8DB
:10F33E006878B8B979BB7B7ABABE7E7FBF7DBDBC1B
:10F34E007CB47475B577B7B67672B2B373B17170AB
:10F35E00B05090915193535292965657975595940B
:10F36E00549C5C5D9D5F9F9E5E5A9A9B5B9959581B
:10F37E0098884849894B8B8A4A4E8E8F4F8D4D4CBB
:10F38E008C448485458747468682424383418180EB
:10F39E004000C1814001C0804101C0804100C18157
:10F3AE004001C0804100C1814000C1814001C08048
:10F3BE004101C0804100C1814000C1814001C08037
:10F3CE004100C1814001C0804101C0804100C18126
:10F3DE004001C0804100C1814000C1814001C08018
:10F3EE004100C1814001C0804101C0804100C18106
:10F3FE004000C1814001C0804101C0804100C181F7
:10F40E004001C0804100C1814000C1814001C080E7
:10F41E004101C0804100C1814000C1814001C080D6
:10F42E004100C1814001C0804101C0804100C181C5
:10F43E004000C1814001C0804101C0804100C181B6
:10F44E004001C0804100C1814000C1814001C080A7
:10F45E004100C1814001C0804101C0804100C18195
:10F46E004001C0804100C1814000C1814001C08087
:10F47E004101C0804100C1814000C1814001C08076
:10F48E004100C1814001C0804101C0804100C18165
:10F49E00400AD7233CCDCCCC3DCDCC4C3E9A99994D
:10F4AE003E0000003F9A99193F6666263F3333337C
:10F4BE003F6666663FA4707D3F0000803F0000807F
:10F4CE003F0000A0410000A8410000AC410000B088
:10F4DE00410000BC410000C4410000CC410000D4FA
:10F4EE00419A99DD41CDCCE0416666E24100000CC7
:10F4FE00421F1E1F1E1F1F1E1F1E1F1F1D5E2C259F
:10F50E00642C25332E32662C25332E32662C253371
:10F51E002E32662C25332E32662C25332E32662C57
:10F52E0025332E32662C25332E32662C25332E3281
:10F53E00662C25642E253031642C25642E25303121
:10F54E00642C25642E253031642C25642C25642CE6
:10F55E0025642C25642C25642C256C6C752C253784
:10F56E002E34662C25372E34662C25372E34662CF9
:10F57E0025372E34662C313935372C7E454F5420A5
:10F58E00202020202020202020202020202020206D
:10F59E00202020202020202020202020202020205D
:10F5AE00202020202020202020202020202020204D
:10F5BE00200D0A005E2C25642C25332E32662C2558
:10F5CE00332E32662C25332E32662C25332E3266A0
:10F5DE002C25332E32662C25332E32662C25332ED7
:10F5EE0032662C25332E32662C25642E253031645E
:10F5FE002C25642E253031642C25642E2530316463
:10F60E002C25642C25642C25642C25642C25642C37
:10F61E00256C6C752C25372E34662C25372E3466CA
:10F62E002C25372E34662C25372E34662C31393561
:10F63E00372C7E454F5420202020202020202020B3
:10F64E0020202020202020202020202020202020AC
:10F65E00202020202020202020202020202020209C
:10F66E0020202020202020200D0A005E2C25642C36
:10F67E0025332E32662C25332E32662C25332E3230
:10F68E00662C25332E32662C25332E32662C2533EE
:10F69E002E32662C25332E32662C25332E32662CD6
:10F6AE0025642E253031642C25642E253031642CB2
:10F6BE0025642E253031642C25642C25642C25647C
:10F6CE002C25642C25642C256C6C752C25362E343B
:10F6DE00662C25362E34662C25362E34662C253691
:10F6EE002E34662C313935372C7E454F5420202050
:10F6FE0020202020202020202020202020202020FC
:10F70E0020202020202020202020202020202020EB
:10F71E002020202020202020202020202020200DEE
:10F72E000A005E2C25642C25332E32662C25332EB2
:10F73E0032662C25332E32662C25332E32662C253E
:10F74E00332E32662C25332E32662C25332E32661E
:10F75E002C25332E32662C25642E253031642C2533
:10F76E00642E253031642C25642E253031642C25F1
:10F77E00642C25642C25642C25642C25642C256C86
:10F78E006C752C25372E34662C25372E34662C2599
:10F79E00372E34662C25372E34662C313935372CDE
:10F7AE007E454F5420202020202020202020202065
:10F7BE00202020202020202020202020202020203B
:10F7CE00202020202020202020202020202020202B
:10F7DE002020202020200D0A0001100066000204C7
:10F7EE000000000075AD011000630002040000006F
:10F7FE0000B5920110000C00020400000000F3FAA4
:10F80E0002100001000204020001000204000000C8
:10F81E004001030078000E01030048004A0106165D
:10F82E000400050106100000000106100200000190
:10F83E000350000008010305000040010300000012
:10F84E00340103030200010103000B0001369C800A
:10F85E0042299C80422BC78042819580423AB280D9
:10F86E004239B480422CC58042CFB78042B4995EF3
:10F87E004266665E42E590584289C158427348809E
:10F88E0042C5608042098A8042FC8980420D808098
:10F89E004200808042B4000002040000000200001A
:10F8AE00010A000001C77FFFFFC57FFFFFB40010F4
:10F8BE0000B77FFFFFB8000001C2000000E40000A7
:10F8CE0001CD0C0543E56121400D80804200808012
:10F8DE004200000000424D4320256C752030582513
:10F8EE002E32582025752020202020202020202058
:10F8FE0020202020202020202020202020202020FA
:10F90E0020200025342E3266487A2025332E31668B
:10F91E00522025332E3266506620202020202020B3
:10F92E0020202020202020202020202020202020C9
:10F93E000025342E3266487A2025332E3266522028
:10F94E0025332E32665066202020202020202020B5
:10F95E0020202020202020202020202020200025B4
:10F96E00322E31664B576820666C6F6174202533DA
:10F97E002E316668202020202020202020202020CC
:10F98E002020202020202020202020004144432021
:10F99E002530335820253033582025303358202534
:10F9AE0030335820202020202020202020202020EE
:10F9BE002020202020202020000D2D2D2D205449E8
:10F9CE004331323430302044726976657220566588
:10F9DE007273696F6E202573202573202573202D79
:10F9EE002D2D0D0A000D2D2D2D204D43333339397C
:10F9FE0036204472697665722056657273696F6E31
:10FA0E00202573202573202573202D2D2D0D0A0002
:10FA1E004241542025642E25303164562050562004
:10FA2E0025642E25303164562020202020202020D1
:10FA3E002020202020202020200025342E3066205B
:10FA4E0025342E30662025342E306650682025321F
:10FA5E002E306657202020202020202020202020FD
:10FA6E002020200053256C75204325752055252E0A
:10FA7E003266252520202020202020202020202016
:10FA8E00202020202020202020202020003420256F
:10FA9E00362E3366562C352025362E3366562020CC
:10FAAE002020202020202020202020202020202048
:10FABE002020202000426D61782025755620426D51
:10FACE00696E202575562020202020202020202001
:10FADE002020202020202020202020200025342E11
:10FAEE0030662025342E30662025342E30662025B3
:10FAFE00342E306657202020202020202020202049
:10FB0E00202020200025342E30662025342E30660D
:10FB1E002025342E306656612025322E3066487AE6
:10FB2E0020202020202020202020202000424D4375
:10FB3E0020256C7520202020202020202020202011
:10FB4E0020202020202020202020202020202020A7
:10FB5E00202020004F4620256C752045525220252E
:10FB6E006C752020202020202020202020202020E6
:10FB7E00202020202020202020200020256C6C58C2
:10FB8E002052756E20446973706C6179203058254F
:10FB9E002E325820202020202020202020202020FF
:10FBAE00004A616E4665624D61724170724D6179B7
:10FBBE004A756E4A756C4175675365704F63744E26
:10FBCE006F764465630025332E32662025332E3240
:10FBDE00662025332E3266506620202020202020DD
:10FBEE002020202020202020200025342E30665773
:10FBFE002025342E306656612025332E326650660F
:10FC0E0020202020202020202020202020002533EE
:10FC1E002E3266572025332E326656612025332E1E
:10FC2E0032665066202020202020202020202020F8
:10FC3E002000257320566572202573202020202059
:10FC4E0020202020202020202020202020202020A6
:10FC5E0020200025732025732025642E2530316445
:10FC6E0041202564412020202020202020202020FB
:10FC7E00202020004D554920256C6C5820504943BA
:10FC8E002025582020202020202020202020202029
:10FC9E002020200020256C755365632C20257520AF
:10FCAE002020202020202020202020202020202046
:10FCBE00202000205465726D696E616C20496E665D
:10FCCE006F202020202020202020202020202020D7
:10FCDE00002048454C502053637265656E3A2025CE
:10FCEE00642020202020202020202020002573208A
:10FCFE0025342E3166562025342E326641202020A2
:10FD0E0020202020202020200025732025342E3175
:10FD1E0066562025342E31665720202020202020A4
:10FD2E0020202020002025635049204441515F426D
:10FD3E004D43202573202020202020202000767483
:10FD4E0065726D2025783A257820202020202020ED
:10FD5E00202020202000202573202020202020205D
:10FD6E002020202020202020202020200020494E4E
:10FD7E00464F202020202020202020202020202020
:10FD8E002020200020565445524D20494E464F20EB
:10FD9E0020202020202020202020002056544552B4
:10FDAE004D2048454C50202020202020202020206F
:10FDBE0020002056657273696F6E202573202020F7
:10FDCE0020202020202020200020257320416C6C34
:10FDDE002044657620202020202020202020200076
:10FDEE002048454C50204275696C642025732020B4
:10FDFE002020202020200020257320416E616C6F72
:10FE0E006720446576202020202020202000537576
:10FE1E006E4D6F6E5475655765645468754672699C
:10FE2E005361740048454C5020257320202020201B
:10FE3E002020202020202020200043616C69627247
:10FE4E006174696F6E20436F6D706C657465200010
:10FE5E0057454D3330383020447269766572202014
:10FE6E00202020200025732020202020202020204C
:10FE7E0020202020202020202000257320257320E4
:10FE8E002020202020202020202020202020005054
:10FE9E006F72742025732020202020202020202007
:10FEAE0020202000424D43426F61726420447269EB
:10FEBE007665722020202020005265616420454521
:10FECE0050524F4D20444154412020202000577263
:10FEDE0069746520454550524F4D20444154412090
:10FEEE0020200055706461746520454550524F4D79
:10FEFE002044415441202000496E76616C69642093
:10FF0E00454550524F4D20444154412000504F57CB
:10FF1E0045524D20447269766572202020202020A3
:10FF2E0000454D35343020447269766572202020AC
:10FF3E00202020200025732020202020202020207B
:10FF4E00202020202020202000505A454D20447291
:10FF5E0069766572202020202020004F63742020B7
:10FF6E003520323032360031343A30303A343400C3
:10FF7E00434F4D4D202020004552524F522020001D
:10FF8E004F4E4C494E45200052454D4F5445200092
:10FF9E0044495341424C45004F46464C494E45005C
:10FFAE00286E756C6C2900504F5745524D005745C1
:10FFBE004D33300034375138340035375138340032
:10FFCE0056302E373600505A454D0056302E3700DB
:10FFDE0056302E3800494E46004E414E00696E6630
:10FFEE00006E616E00474D5400257320002573008E
:01FFFE000002
:020000040001F9
:1000000067C66BF668C66CF6FC6BFD6BDFEF97F0AE
:1000100065C645F666C646F66B0E476F060E486F18
:1000200069C649F66AC64AF647C6D9F448C6DAF43C
:10003000DEC4F6F4DDC4F7F4F86A000EF86E0800CA
:10004000F550250A02E0BCEF97F002D0BCEF97F024
:1000500047C6D9F448C6DAF4DE2A000EDD220501CF
:10006000E06BDF6BDFC5F1F5E169E2690601596B11
:1000700031D00501F18147C6D9F448C6DAF4DE2A49
:10008000000EDD2227D00501F183F5D70501F185AA
:10009000F2D70501F187EFD70501F189ECD7010E01
:1000A000596F18D047C6D9F448C6DAF4DEC4F6F45E
:1000B000DDC4F7F4F86A000EF86E0800F550200A67
:1000C000E8E0030AE9E0080AE1E0060AD2E01D0AD6
:1000D000DAE0E5D706015951E5E001D0E3D70501A3
:1000E000F1A103D001D001D0F19347C681F548C6F4
:1000F00082F549C683F54AC684F57EECF5F081C5E4
:10010000DFF582C5E0F5E0BF01D005D0F181DF6DFC
:10011000E01FD8B0E02B47C6D9F448C6DAF4DEC4F5
:10012000F6F4DDC4F7F4F86A000EF86E0800F55036
:100130002E0A17E101D015D047C6D9F448C6DAF423
:10014000DE2A000EDD2247C681F548C682F549C683
:1001500083F54AC684F57EECF5F081C5E1F582C5EC
:10016000E2F547C6D9F448C6DAF4DEC4F6F4DDC4D5
:10017000F7F4F86A000EF86E0800F550630A78E1AB
:1001800001D076D047C6D9F448C6DAF4DE2A000E8C
:10019000DD2249C6D9F44AC6DAF4DFC44BF6020EB2
:1001A000DE26DFC44CF6000EDD224BC6D9F44CC669
:1001B000DAF4DF5006015A6F45C68AF546C68BF55C
:1001C0005AC68CF50501DF51E01107E101D005D0D9
:1001D000DFC590F5E0C591F506D0FF0EDF25906FE5
:1001E000FF0EE021916FF1A10BD001D009D08CC599
:1001F00081F5826B8AC583F58BC584F51EECF7F01B
:1002000091BF03D004D001D002D0906B916B8E6B64
:100210008F6B0BD0826B200E816F8AC583F58BC5E7
:1002200084F51EECF7F08E4B8F2B90518E5D8F5125
:10023000800A8D6F9151800A8D59ECE301D0EAD785
:10024000F1B10BD001D009D08CC581F5826B8AC584
:1002500083F58BC584F51EECF7F08E298A6F000EAE
:100260008F218B6F8AC545F68BC546F6DAEF97F07E
:1002700047C6D9F448C6DAF4DEC463F6DDC464F6D2
:1002800063C6F6F464C6F7F4F86A000EF86E080068
:10029000F5C45AF62AD0634B642B63C6F6F464C6E1
:1002A000F7F4F86A000EF86E0800F550680A38E1B5
:1002B00001D036D0480E5A6F634B642B31D0634B5C
:1002C000642B63C6F6F464C6F7F4F86A000EF86EA1
:1002D0000800F5506C0A24E101D022D04C0EEBD777
:1002E000690E5A6F1DD05A6B1BD006015A51580A1D
:1002F000F7E03C0AF5E00C0ACEE0010AF1E0030A5F
:10030000DBE0060ADCE0020AEBE0010AE9E01B0A96
:10031000D3E0010AE5E00D0AE3E0020ACDE0E3D70D
:1003200063C6F6F464C6F7F4F86A000EF86E0800C7
:10033000F550640A01E1D1D001D0CFD063C6F6F404
:1003400064C6F7F4F86A000EF86E0800F550690A02
:1003500001E03ED2C2D03CD2C0D052D049C6D9F47E
:100360004AC6DAF4DFC44BF6020EDE26DFC44CF6D2
:10037000000EDD224BC6D9F44CC6DAF4DF505B6FB9
:10038000000E5BBFFF0E5C6F51D049C6D9F44AC660
:10039000DAF4DFC44BF6040EDE26DFC44CF6000EA2
:1003A000DD224BC6D9F44CC6DAF4DEC44DF6DEC409
:1003B0004EF6DEC44FF6DEC450F64DC651F64EC6BC
:1003C00052F64FC653F650C654F6556B54BF556996
:1003D00055C656F655C657F655C658F651C65BF67D
:1003E00052C65CF653C65DF654C65EF655C65FF659
:1003F00056C660F657C661F658C662F681D01DD063
:1004000049C6D9F44AC6DAF4DFC44BF6020EDE263A
:10041000DFC44CF6000EDD224BC6D9F44CC6DAF42C
:10042000DEC45BF6DDC45CF65CBFFF0E5D6F5E6F25
:100430005F6F606F616F626F63D049C6D9F44AC65F
:10044000DAF4DFC44BF6080EDE26DFC44CF6000EED
:10045000DD224BC6D9F44CC6DAF4DEC44DF6DEC458
:100460004EF6DEC44FF6DEC450F6DEC451F6DEC4EE
:1004700052F6DEC453F6DEC454F64DC65BF64EC6E5
:100480005CF64FC65DF650C65EF651C65FF652C6C4
:1004900060F653C661F654C662F632D049C6D9F446
:1004A0004AC6DAF4DFC44BF6020EDE26DFC44CF691
:1004B000000EDD224BC6D9F44CC6DAF4DEC44DF68C
:1004C000DDC44EF64DC65BF64EC65CF65D6B5E6BEC
:1004D0005F6B606B616B626B13D05A51480A01E12C
:1004E0003DD7040AAAE0240A8BE0010A89E0030A46
:1004F000A4E0060A01E149D7180A82E00E0ACEE01C
:1005000063294B6F000E64214C6F47C6D9F448C66F
:10051000DAF44BC6DEF44CC6DDF445C69BF546C6A0
:100520009CF55BC69DF55CC69EF55DC69FF55EC6F7
:10053000A0F55FC6A1F560C6A2F561C6A3F562C6C7
:10054000A4F50501A4BF01D002D0010E01D0000E18
:10055000B36FE2BF03D001D001D0F193E2BF01D06D
:1005600004D0B06B010EAF6F04D0E1C5AFF5E2C5AA
:10057000B0F5DFC5B1F5E0C5B2F5B35106E101D084
:1005800004D0F1A512D001D010D0B107D8A0B20785
:10059000B35105E101D003D0AE6B2B0E02D0AE6B90
:1005A0002D0EAD6FADC5B3F509D0F1A707D001D0C1
:1005B00005D0B107D8A0B207200EB36FB56B4F0EB0
:1005C000B46F0D014F6B6ED0B407D8A0B507000E05
:1005D000B425D96E0D0EB521DA6E9DC581F59EC587
:1005E00082F59FC583F5A0C584F5A1C585F5A2C593
:1005F00086F5A3C587F5A4C588F50A0E896F8A6BB1
:100600008B6B8C6B8D6B8E6B8F6B906BB1ECEEF09C
:1006100081C5A5F582C5A6F583C5A7F584C5A8F54E
:1006200085C5A9F586C5AAF587C5ABF588C5ACF51E
:10063000A5C593F5A6C594F574EC0DF09351300F54
:10064000DF6EAF07D8A0B007B107D8A0B2079DC52D
:1006500081F59EC582F59FC583F5A0C584F5A1C52A
:1006600085F5A2C586F5A3C587F5A4C588F50A0E4C
:10067000896F8A6B8B6B8C6B8D6B8E6B8F6B906BBA
:10068000DBECECF081C59DF582C59EF583C59FF539
:1006900084C5A0F585C5A1F586C5A2F587C5A3F5D6
:1006A00088C5A4F50501B5BF26D0B55104E1B40550
:1006B00022E301D020D09D519E119F11A011A111C4
:1006C000A211A311A41180E101D07ED7B0BF07D041
:1006D000B05104E1AF0501E377D701D075D7B2BFC0
:1006E0000AD0B25104E1B10506E301D004D0F1B360
:1006F0006BD701D069D7B3510DE001D00BD0B4074F
:10070000D8A0B507000EB425D96E0D0EB521DA6E4E
:10071000B3C5DFF49BC591F59CC592F5000EB425D9
:10072000936F0D0EB521946FB1C595F5B2C596F5D1
:10073000F1A10CD001D00AD093C58AF594C58BF5F0
:1007400091C58CF592C58DF56BEC0AF096BF01D082
:1007500002D0956B966B986B996B0BD0826B200EC9
:10076000816F91C583F592C584F51EECF7F0984B27
:10077000992B9551985D9951800A976F9651800AEF
:100780009759ECE301D0EAD7F1B10CD001D00AD0EF
:1007900093C58AF594C58BF591C58CF592C58DF5F9
:1007A0006BEC0AF093C581F594C582F5E0EC0BF093
:1007B00095518125916F96518221926F91C59BF53C
:1007C00092C59CF59BC545F69CC546F6DAEF97F0B9
:1007D00063C6F6F464C6F7F4F86A000EF86E080013
:1007E000F550780A01E1D3D001D0D1D063C6F6F438
:1007F00064C6F7F4F86A000EF86E0800F550580A5F
:1008000001E1C5D001D0C3D063C6F6F464C6F7F4E5
:10081000F86A000EF86E0800F5506F0A01E1B7D0D3
:1008200001D0B5D063C6F6F464C6F7F4F86A000EDA
:10083000F86E0800F550750A02E03DEF88F0A7D089
:100840003DEF88F0A4D084D049C6D9F44AC6DAF482
:10085000DFC44BF6020EDE26DFC44CF6000EDD22AE
:100860004BC6D9F44CC6DAF4DF505B6F5C6B88D0B2
:1008700049C6D9F44AC6DAF4DFC44BF6040EDE26C4
:10088000DFC44CF6000EDD224BC6D9F44CC6DAF4B8
:10089000DEC44DF6DEC44EF6DEC44FF6DEC450F6BE
:1008A0004D515B6F4E515C6F4F515D6F50515E6F9C
:1008B00069D01DD049C6D9F44AC6DAF4DFC44BF674
:1008C000020EDE26DFC44CF6000EDD224BC6D9F444
:1008D0004CC6DAF4DEC45BF6DDC45CF65CBFFF0E2A
:1008E0005D6F5E6F5F6F606F616F626F63D049C6EF
:1008F000D9F44AC6DAF4DFC44BF6080EDE26DFC4AC
:100900004CF6000EDD224BC6D9F44CC6DAF4DEC438
:100910004DF6DEC44EF6DEC44FF6DEC450F6DEC43D
:1009200051F6DEC452F6DEC453F6DEC454F64DC6AC
:100930005BF64EC65CF64FC65DF650C65EF651C617
:100940005FF652C660F653C661F654C662F632D000
:1009500049C6D9F44AC6DAF4DFC44BF6020EDE26E5
:10096000DFC44CF6000EDD224BC6D9F44CC6DAF4D7
:10097000DEC44DF6DDC44EF64DC65BF64EC65CF6E3
:100980005D6B5E6B5F6B606B616B626B13D05A511A
:10099000480A01E159D7040AAAE0240AD9E0010A69
:1009A000D7E0030AA4E0060A01E162D7180A82E050
:1009B0000E0ACEE063294B6F000E64214C6F47C6D0
:1009C000D9F448C6DAF44BC6DEF44CC6DDF440D3A5
:1009D00045C69AF546C69BF55BC69CF55CC69DF57B
:1009E0005DC69EF55EC69FF55FC6A0F560C6A1F523
:1009F00061C6A2F562C6A3F50501E2BF03D001D02E
:100A000001D0F193E2BF01D004D0A56B010EA46F19
:100A100004D0E1C5A4F5E2C5A5F5DFC5A6F5E0C59E
:100A2000A7F5AA6B4F0EA96F0D014F6B0501A86BBF
:100A300021D0A907D8A0AA079C51070BA86F000EC8
:100A4000A925D96E0D0EAA21DA6EA851300FDF6EDE
:100A5000A407D8A0A507A607D8A0A707030ED8907B
:100A6000A333A233A133A0339F339E339D339C33F2
:100A7000E82EF5D7AABF25D0AA5104E1A90521E3A4
:100A800001D01FD09C519D119E119F11A011A11149
:100A9000A211A311CEE101D0CCD7A5BF06D0A5519C
:100AA000C8E1A405C6E201D0C4D7A7BF0AD0A751A8
:100AB00004E1A60506E301D004D0F1B3BAD701D012
:100AC000B8D7A85107E101D005D0E151E21114E1F6
:100AD00001D012D0F1A910D001D00ED0A907D8A012
:100AE000AA07000EA925D96E0D0EAA21DA6E300EC6
:100AF000DF6EA607D8A0A7079AC591F59BC592F50A
:100B0000000EA925936F0D0EAA21946FA6C595F529
:100B1000A7C596F5F1A10CD001D00AD093C58AF5EE
:100B200094C58BF591C58CF592C58DF56BEC0AF0EB
:100B300096BF01D002D0956B966B986B996B0BD0DA
:100B4000826B200E816F91C583F592C584F51EECF2
:100B5000F7F0984B992B9551985D9951800A976FB2
:100B60009651800A9759ECE301D0EAD7F1B10CD045
:100B700001D00AD093C58AF594C58BF591C58CF543
:100B800092C58DF56BEC0AF093C581F594C582F59D
:100B9000E0EC0BF095518125916F96518221926F77
:100BA00091C59AF592C59BF59AC545F69BC546F643
:100BB000DAEF97F045C69AF546C69BF55BC69CF5FD
:100BC0005CC69DF55DC69EF55EC69FF55FC6A0F549
:100BD00060C6A1F561C6A2F562C6A3F50501E2BF34
:100BE00003D001D001D0F193E2BF01D004D0AD6BAE
:100BF000010EAC6F04D0E1C5ACF5E2C5ADF5DFC5C3
:100C0000AEF5E0C5AFF5B16B4F0EB06F0D014F6B98
:100C100068D0B007D8A0B107000EB025D96E0D0E70
:100C2000B121DA6E9CC581F59DC582F59EC583F51F
:100C30009FC584F5A0C585F5A1C586F5A2C587F534
:100C4000A3C588F50A0E896F8A6B8B6B8C6B8D6BD5
:100C50008E6B8F6B906BD6ECF5F081C5A4F582C5D9
:100C6000A5F583C5A6F584C5A7F585C5A8F586C5F0
:100C7000A9F587C5AAF588C5ABF5A451300FDF6E7D
:100C8000AC07D8A0AD07AE07D8A0AF079CC581F5CB
:100C90009DC582F59EC583F59FC584F5A0C585F5E4
:100CA000A1C586F5A2C587F5A3C588F50A0E896F8B
:100CB0008A6B8B6B8C6B8D6B8E6B8F6B906B6EEC12
:100CC000F2F081C59CF582C59DF583C59EF584C56E
:100CD0009FF585C5A0F586C5A1F587C5A2F588C590
:100CE000A3F50501B051B11121E001D01FD09C51F5
:100CF0009D119E119F11A011A111A211A31189E1B3
:100D000001D087D7ADBF06D0AD5183E1AC0581E2FC
:100D100001D07FD7AFBF0AD0AF5104E1AE0506E3E3
:100D200001D004D0F1B375D701D073D79AC591F52E
:100D30009BC592F5000EB025936F0D0EB121946FF7
:100D4000AEC595F5AFC596F5F1A10CD001D00AD08E
:100D500093C58AF594C58BF591C58CF592C58DF533
:100D60006BEC0AF096BF01D002D0956B966B986B36
:100D7000996B0BD0826B200E816F91C583F592C564
:100D800084F51EECF7F0984B992B9551985D99518D
:100D9000800A976F9651800A9759ECE301D0EAD701
:100DA000F1B10CD001D00AD093C58AF594C58BF56A
:100DB00091C58CF592C58DF56BEC0AF093C581F564
:100DC00094C582F5E0EC0BF095518125916F965119
:100DD0008221926F91C59AF592C59BF59AC545F609
:100DE0009BC546F6DAEF97F045C69AF546C69BF5E1
:100DF0005BC69CF55CC69DF55DC69EF55EC69FF51F
:100E00005FC6A0F560C6A1F561C6A2F562C6A3F5EE
:100E100063C6F6F464C6F7F4F86A000EF86E0800CC
:100E2000F5C4A4F50501E2BF03D001D001D0F193D0
:100E3000E2BF01D004D0A96B010EA86F04D0E1C5B8
:100E4000A8F5E2C5A9F5DFC5AAF5E0C5ABF59C514B
:100E50009D119E119F11A011A111A211A31101E1D9
:100E600002D0010E01D0000EAC6FF1A90AD001D062
:100E700008D0AC5106E001D004D0FE0EAA27FF0E28
:100E8000AB23780EA41905E001D003D0A66B410E68
:100E900002D0A66B610EA56FA5C5A7F5AF6B4F0E6F
:100EA000AE6F0D014F6B2AD0AE07D8A0AF079C5193
:100EB0000F0BAD6F0A0EAD6104D001D002D0300E21
:100EC00002D0A751F60FAD27000EAE25D96E0D0E3C
:100ED000AF21DA6EADC5DFF4A807D8A0A907AA072D
:100EE000D8A0AB07040ED890A333A233A133A0330C
:100EF0009F339E339D339C33E82EF5D70501AFBF5A
:100F000026D0AF5105E1020EAE5D21E301D01FD026
:100F10009C519D119E119F11A011A111A211A3110D
:100F2000C3E101D0C1D7A9BF06D0A951BDE1A80531
:100F3000BBE201D0B9D7ABBF0AD0AB5104E1AA05DF
:100F400006E301D004D0F1B3AFD701D0ADD7F1A9FA
:100F500021D001D01FD0AC511DE001D01BD0E151F8
:100F6000E21118E001D016D0AE07D8A0AF07000EEE
:100F7000AE25D96E0D0EAF21DA6EA4C5DFF4AE0733
:100F8000D8A0AF07000EAE25D96E0D0EAF21DA6ED8
:100F9000300EDF6E9AC591F59BC592F5000EAE2519
:100FA000936F0D0EAF21946FAAC595F5ABC596F55D
:100FB000F1A10CD001D00AD093C58AF594C58BF568
:100FC00091C58CF592C58DF56BEC0AF096BF01D0FA
:100FD00002D0956B966B986B996B0BD0826B200E41
:100FE000816F91C583F592C584F51EECF7F0984B9F
:100FF000992B9551985D9951800A976F9651800A67
:101000009759ECE301D0EAD7F1B10CD001D00AD066
:1010100093C58AF594C58BF591C58CF592C58DF570
:101020006BEC0AF093C581F594C582F5E0EC0BF00A
:1010300095518125916F96518221926F91C59AF5B4
:1010400092C59BF59AC545F69BC546F6DAEF97F033
:1010500063C6F6F464C6F7F4F86A000EF86E08008A
:10106000F550580A01E1C0D6370A01E1B1D41A0A95
:1010700001E1A0D50D0A01E1B7D663C6F6F464C656
:10108000F7F4F86A000EF86E0800F5506E0A01E0F9
:10109000B2D08DD0B0D08BD071D049C6D9F44AC669
:1010A000DAF4DFC44BF6020EDE26DFC44CF6000E87
:1010B000DD224BC6D9F44CC6DAF4DEC4E1F4DEC45A
:1010C000E2F4FCC6E7F486D0FCC64BF6FDC64CF64F
:1010D000000E4CBFFF0E4D6F4E6F49C6D9F44AC685
:1010E000DAF4DFC44FF6020EDE26DFC450F6000E3F
:1010F000DD224FC6D9F450C6DAF4DEC4E1F4DEC412
:10110000E2F44BC6E6F44CC6E6F44DC6E6F44EC631
:10111000E7F460D001D032D0FCC64BF6FDC64CF6E9
:10112000000E4CBFFF0E4D6F4E6F4F6F506F516FE3
:10113000526F49C6D9F44AC6DAF4DFC453F6020E38
:10114000DE26DFC454F6000EDD2253C6D9F454C6A1
:10115000DAF4DEC4E1F4DEC4E2F44BC6E6F44CC6D5
:10116000E6F44DC6E6F44EC6E6F44FC6E6F450C6C5
:10117000E6F451C6E6F452C6E7F42CD049C6D9F4D9
:101180004AC6DAF4DFC44BF6020EDE26DFC44CF6A4
:10119000000EDD224BC6D9F44CC6DAF4DEC4E1F40D
:1011A000DEC4E2F4FCC6E6F4FDC6E7F413D05A51FF
:1011B000480A01E172D7040AAFE0240ADFE0010A1D
:1011C000DDE0030AA9E0060A01E17ED7180AD6E0AD
:1011D0000E0AD4E063294B6F000E64214C6F47C6A2
:1011E000D9F448C6DAF44BC6DEF44CC6DDF4456BE0
:1011F000466BDAEF97F0596B47C6D9F448C6DAF474
:10120000DEC4F6F4DDC4F7F4F86A000EF86E0800E8
:10121000F550730A0CE101D00AD047C6D9F448C68C
:10122000DAF4DE2A000EDD22010E596F49D047C6DE
:10123000D9F448C6DAF4DEC4F6F4DDC4F7F4F86A8B
:10124000000EF86E0800F5506C0A3AE101D038D073
:1012500047C6D9F448C6DAF4DEC44BF6DDC44CF612
:101260004B2B000E4C234BC6F6F44CC6F7F4F86A31
:10127000000EF86E0800F5506C0A22E101D020D073
:1012800047C6D9F448C6DAF4DEC44BF6DDC44CF6E2
:10129000020E4B27000E4C234BC6F6F44CC6F7F457
:1012A000F86A000EF86E0800F550730A09E101D0E3
:1012B00007D0030E47C6D9F448C6DAF4DE26B2D703
:1012C000595101E1CBD001D0C9D045C68AF546C6F7
:1012D0008BF549C6D9F44AC6DAF4DFC44BF6020EE0
:1012E000DE26DFC44CF6000EDD224BC6D9F44CC618
:1012F000DAF4DEC48CF5DDC48DF58CC594F58DC5AE
:1013000095F505019451951106E101D004D0AE0E7A
:10131000946FFF0E956F966B976B03D00501964BFC
:10132000972B965194258E6F975195218F6F8EC56F
:10133000F6F48FC5F7F4000EF86E3F0EF76403D095
:101340000800F55005D0F6C4E1F4F7C4E2F4E75024
:101350000009E4E101D0E2D70501E2BF11D001D0DC
:101360000FD09651E15DE251800A8E6F9751800A4D
:101370008E5906E201D004D0E1C596F5E2C597F595
:1013800096C590F597C591F5DFC592F5E0C593F543
:10139000F1B136D00DD034D00BD0826B200E816FDE
:1013A0008AC583F58BC584F51EECF7F0964B972B19
:1013B0009251965D9751800A8E6F9351800A8E5993
:1013C000ECE31ED0EAD71CD094C5F6F495C5F7F42B
:1013D000000EF86E3F0EF76403D00800F55005D0FC
:1013E000F6C4E1F4F7C4E2F4E7500501816F826BC3
:1013F0008AC583F58BC584F51EECF7F0944B952BCD
:101400009007D8A091079029DFE19129DDE101D073
:10141000DBD7F1A119D00DD017D00BD0826B200EE5
:10142000816F8AC583F58BC584F51EECF7F0964B6A
:10143000972B9251965D9751800A8E6F9351800A37
:101440008E59ECE301D0EAD796C58AF597C58BF59E
:101450008AC545F68BC546F6DAEF97F047C6D9F44C
:1014600048C6DAF4DEC463F6DDC464F663C6F6F497
:1014700064C6F7F4F86A000EF86E0800F5C45AF670
:1014800008D0634B642B1BD06C0E5A6F18D05A6B6C
:1014900016D05A51410AF8E0040AF6E0030AF4E0D3
:1014A000010AF2E00B0AEDE02D0AEEE0040AECE09E
:1014B000030AEAE0010AE8E00B0AE3E0E8D763C6C2
:1014C000F6F464C6F7F4F86A000EF86E0800F550FA
:1014D000610A7AE001D078D063C6F6F464C6F7F406
:1014E000F86A000EF86E0800F550410A6DE001D070
:1014F0006BD063C6F6F464C6F7F4F86A000EF86EB3
:101500000800F550650A60E001D05ED063C6F6F4CD
:1015100064C6F7F4F86A000EF86E0800F550450A44
:1015200053E001D051D063C6F6F464C6F7F4F86A0C
:10153000000EF86E0800F550660A46E001D044D06F
:1015400063C6F6F464C6F7F4F86A000EF86E080095
:10155000F550460A39E001D037D063C6F6F464C6C8
:10156000F7F4F86A000EF86E0800F550670A2CE0F0
:1015700001D02AD063C6F6F464C6F7F4F86A000E08
:10158000F86E0800F550470A02E08CEF97F01CD087
:101590008CEF97F019D049C6D9F44AC6DAF4DFC403
:1015A0004BF6040EDE26DFC44CF6000EDD224BC6E1
:1015B000D9F44CC6DAF4DEC45BF6DEC45CF6DEC4F5
:1015C0005DF6DEC45EF605D05A514C0AE4E0200A0E
:1015D000E2E063294B6F000E64214C6F47C6D9F4DB
:1015E00048C6DAF44BC6DEF44CC6DDF463EF97F080
:1015F00045C608F646C609F65BC60AF65CC60BF693
:101600005DC60CF65EC60DF663C6F6F464C6F7F466
:10161000F86A000EF86E0800F5C40EF60EC60FF656
:10162000BF0E0F27190E0F6501D002D0010E01D099
:10163000000E0E6F396B0AC635F60BC636F60CC6B1
:1016400037F60DC638F638BF01D014D0010E396F09
:1016500035C681F536C682F537C683F538C684F5BA
:1016600041EC0CF081C535F682C536F683C537F6F8
:1016700084C538F60601406B416BDFC533F6E0C523
:1016800034F6395107E101D005D00501F1A510D09C
:1016900001D00ED00601395105E101D003D0166BFF
:1016A0002B0E02D0166B2D0E156F15C639F607D00E
:1016B000F1A705D001D003D0200E0601396F35C641
:1016C00081F536C682F537C683F538C684F566ECF3
:1016D000F4F08105821101E08CD001D08AD006019E
:1016E00039510AE001D008D039C600FD416B010E26
:1016F000406F3307D8A034070E5112E001D010D04C
:10170000000E40250501816F0D0E060141210501E6
:10171000826FE30E836FFF0E846F9CEC0AF00FD094
:10172000000E40250501816F0D0E060141210501C6
:10173000826FEB0E836FFF0E846F9CEC0AF0060144
:10174000FD0E3327FF0E342308C691F509C692F526
:10175000000E0501936F0D0E946F33C695F534C6D8
:1017600096F5F1A10CD001D00AD093C58AF594C5A5
:101770008BF591C58CF592C58DF56BEC0AF096BF93
:1017800001D002D0956B966B986B996B0BD0826BE6
:10179000200E816F91C583F592C584F51EECF7F09C
:1017A000984B992B9551985D9951800A976F965156
:1017B000800A9759ECE301D0EAD7F1B10CD001D0FF
:1017C0000AD093C58AF594C58BF591C58CF592C561
:1017D0008DF56BEC0AF093C581F594C582F5E0ECCC
:1017E0000BF095518125916F96518221926FD1EF27
:1017F00090F035C681F536C682F537C683F538C612
:1018000084F566ECF4F08151821133E101D031D0DE
:10181000060139510AE001D008D039C600FD416BFC
:10182000010E406F3307D8A034070E5112E001D0EB
:1018300010D0000E40250501816F0D0E06014121DB
:101840000501826FE70E836FFF0E846F9CEC0AF038
:1018500076D7000E40250501816F0D0E060141214E
:101860000501826FEF0E836FFF0E846F9CEC0AF010
:1018700066D706013A6B3B6B800E3C6F3F0E3D6FA7
:10188000276B286B35C681F536C682F537C683F5DA
:1018900038C684F50501856B866B876B886B99EC80
:1018A000FFF073E21CD071D01AD03AC698F53BC64F
:1018B00099F53CC69AF53DC69BF59C6B9D6B9E6B5E
:1018C000400E9F6F57ECD8F098C53AF699C53BF695
:1018D0009AC53CF69BC53DF60601274B282B35C61D
:1018E000B1F536C6B2F537C6B3F538C6B4F505015D
:1018F0009C6B9D6B9E6B400E9F6F3AC698F53BC6E6
:1019000099F53CC69AF53DC69BF557ECD8F098C5BD
:10191000B5F599C5B6F59AC5B7F59BC5B8F525ECEB
:10192000F9F0C3E21DD0C1D71BD03AC6B1F53BC612
:10193000B2F53CC6B3F53DC6B4F5B56BB66BB76B47
:10194000400EB86F42ECE6F0B1C53AF6B2C53BF6D0
:10195000B3C53CF6B4C53DF606012707D8A0280755
:1019600035C6B1F536C6B2F537C6B3F538C6B4F5E7
:101970003AC6B5F53BC6B6F53CC6B7F53DC6B8F5B3
:1019800025ECF9F0D2E301D0D0D7E2BF07D001D0E7
:1019900005D0E1C522F6E2C523F604D00601236B8B
:1019A0004A0E226F010E060122251E6F000E232112
:1019B0001F6F3E6B3F6B35C62BF636C62CF637C60F
:1019C0002DF638C62EF63AC611F63BC612F63CC6C0
:1019D00013F63DC614F679D02BC6B1F52CC6B2F578
:1019E0002DC6B3F52EC6B4F53AC6B5F53BC6B6F569
:1019F0003CC6B7F53DC6B8F542ECE6F0B1C5CAF550
:101A0000B2C5CBF5B3C5CCF5B4C5CDF5A6ECEAF0BF
:101A1000CAC52FF6CBC530F6CCC531F6CDC532F6EA
:101A20002FC6CAF530C6CBF531C6CCF532C6CDF5DA
:101A300069ECF7F0CAC529F6CBC52AF62BC600F625
:101A40002CC601F62DC602F62EC603F63AC69CF544
:101A50003BC69DF53CC69EF53DC69FF52FC698F545
:101A600030C699F531C69AF532C69BF557ECD8F0D9
:101A700098C504F699C505F69AC506F69BC507F6FE
:101A800092EC06F000C62BF601C62CF602C62DF627
:101A900003C62EF63AC6B1F53BC6B2F53CC6B3F561
:101AA0003DC6B4F5B56BB66B800EB76F410EB86F1F
:101AB00042ECE6F0B1C53AF6B2C53BF6B3C53CF62A
:101AC000B4C53DF606013E4B3F2B1E513E5D3F51D6
:101AD000800A0F6F1F51800A0F5901E27DD701D094
:101AE0007BD73AC698F53BC699F53CC69AF53DC6F4
:101AF0009BF505019C6B9D6B9E6B410E9F6F57EC98
:101B0000D8F098C52FF699C530F69AC531F69BC521
:101B100032F62BC6B1F52CC6B2F52DC6B3F52EC6DE
:101B2000B4F52FC6B5F530C6B6F531C6B7F532C631
:101B3000B8F525ECF9F004E201D002D006011AD084
:101B40002BC681F52CC682F52DC683F52EC684F5ED
:101B50002FC685F530C686F531C687F532C688F5BD
:101B600099ECFFF00BE301D009D0060129B106D0B2
:101B700001D004D02F6B306B316B326B35C6CAF598
:101B800036C6CBF537C6CCF538C6CDF52FC6CEF563
:101B900030C6CFF531C6D0F532C6D1F571ECDDF0E7
:101BA000CAC52BF6CBC52CF6CCC52DF6CDC52EF669
:101BB00011C63AF612C63BF613C63CF614C63DF6FD
:101BC0000601206B216B246B256B266B3E6B3F6BF4
:101BD00009D12BC6B1F52CC6B2F52DC6B3F52EC66C
:101BE000B4F53AC6B5F53BC6B6F53CC6B7F53DC645
:101BF000B8F542ECE6F0B1C5CAF5B2C5CBF5B3C550
:101C0000CCF5B4C5CDF5A6ECEAF0CAC52FF6CBC528
:101C100030F6CCC531F6CDC532F62FC6CAF530C682
:101C2000CBF531C6CCF532C6CDF569ECF7F0CAC5B7
:101C300029F6CBC52AF6060129512A110EE101D059
:101C40000CD021BF01D009D00501F1B906D001D0D7
:101C500004D00601254B262B65D00601245125E131
:101C600001D023D021BF01D020D0000E4025D96E55
:101C70000D0E4121DA6E2E0EDF6E404B412B3307E5
:101C8000D8A03407010E246F10D0000E4025D96E65
:101C90000D0E4121DA6E300EDF6E404B412B3307C3
:101CA000D8A034072507D8A0260725512611EDE135
:101CB00001D0EBD72ABF09D02A5105E10A0E295DD0
:101CC00004E301D002D0570E01D0300E2927000EB8
:101CD0002A230E511AE001D018D029C60FF6200E83
:101CE0000F139F0E0F271A0E0F610FD001D00DD0CA
:101CF00029C60FF69F0E0F27190E0F6503D005D0CA
:101D000001D003D05F0E29172A6B000E4025D96E33
:101D10000D0E4121DA6E29C6DFF4404B412B33070B
:101D2000D8A034072BC600F62CC601F62DC602F645
:101D30002EC603F63AC69CF53BC69DF53CC69EF5FD
:101D40003DC69FF52FC698F530C699F531C69AF570
:101D500032C69BF557ECD8F098C504F699C505F640
:101D60009AC506F69BC507F692EC06F000C62BF660
:101D700001C62CF602C62DF603C62EF63AC6B1F5FC
:101D80003BC6B2F53CC6B3F53DC6B4F5B56BB66B14
:101D9000800EB76F410EB86F42ECE6F0B1C53AF66F
:101DA000B2C53BF6B3C53CF6B4C53DF60601200707
:101DB000D8A021073E4B3F2B0501E2BF01D012D036
:101DC0002BC681F52CC682F52DC683F52EC684F56B
:101DD000856B866B876B886B99ECFFF003E318D0FB
:101DE00001D016D006011E513E5D3F51800A0F6F93
:101DF0001F51800A0F590CE201D00AD041BFE9D629
:101E0000415106E14B0E405D01E2E3D601D0E1D63F
:101E1000060124513AE101D038D02551261135E090
:101E200001D033D00501E2BF30D0E25104E1E10539
:101E30002CE301D02AD0060141BF07D0415125E152
:101E40004B0E405D22E201D020D0010E246F000E27
:101E50004025D96E0D0E4121DA6E2E0EDF6E404BFD
:101E6000412B3307D8A0340710D0000E4025D96E7F
:101E70000D0E4121DA6E300EDF6E404B412B3307E1
:101E8000D8A034072507D8A026070601255126111A
:101E90000BE001D009D041BFE8D7415105E14B0E1D
:101EA000405DE3E301D0E1D7245112E101D010D02D
:101EB0000501F1A90DD001D00BD0000E060140257F
:101EC000D96E0D0E4121DA6E2E0EDF6E404B412B86
:101ED000000E06014025D96E0D0E4121DA6EDF6A33
:101EE0003F6B4F0E3E6F000E3E25D96E0D0E3F210B
:101EF000DA6EDF6A1D6B28BF01D006D0010E1D6FA0
:101F0000276D281FD8B0282B236B010E226F2AD0F3
:101F10003E07D8A03F07000E3E25D96E0D0E3F218B
:101F2000DA6E27C681F528C682F50501846B0A0E94
:101F3000836F65ECFFF08151300FDF6E27C686F5A9
:101F400028C687F5896B0A0E886F4CECFCF086C5B5
:101F500027F687C528F606012207D8A023073307EE
:101F6000D8A0340727512811D3E101D0D1D723BFFE
:101F700006D02351CDE12205CBE201D0C9D73E07DF
:101F8000D8A03F071D5105E101D003D0186B2B0EDF
:101F900002D0186B2D0E176F000E3E25D96E0D0E58
:101FA0003F21DA6E17C6DFF43307D8A034073E07A7
:101FB000D8A03F070E5105E101D003D01A6B700E77
:101FC00002D01A6B500E196F000E3E25D96E0D0E01
:101FD0003F21DA6E19C6DFF43307D8A03407000EAC
:101FE0000F6F0D0E106F40510F5F4151105B3E514E
:101FF0000F250501816F06013F5110210501826FF8
:10200000000E836F0D0E846F40C685F541C686F5C0
:1020100074EC01F0060140513E5D406F41513F5963
:10202000416F395105E101D003D03F6B020E02D060
:102030003F6B030E3E6F0501F1A328D010D026D0D0
:102040000ED04007D8A04107000E4025D96E0D0ED6
:102050004121DA6E300EDF6E3307D8A03407060157
:1020600033513E5D3F51800A0F6F3451800A0F5942
:102070000DE201D00BD040513E5D3F51800A0F6F01
:102080004151800A0F59DDE301D0DBD706010E5123
:1020900005E101D003D01C6B780E02D01C6B580EEA
:1020A0001B6F4007D8A04107000E4025D96E0D0ECA
:1020B0004121DA6E1BC6DFF44007D8A04107000EAD
:1020C0004025D96E0D0E4121DA6E300EDF6E39518A
:1020D0000DE001D00BD04007D8A04107000E4025ED
:1020E000D96E0D0E4121DA6E39C6DFF43E51335FF1
:1020F0003F51345B08C691F509C692F5000E4025A4
:102100000501936F0D0E060141210501946F33C641
:1021100095F534C696F5F1A10CD001D00AD093C53F
:102120008AF594C58BF591C58CF592C58DF56BEC50
:102130000AF096BF01D002D0956B966B986B996BA5
:102140000BD0826B200E816F91C583F592C584F50B
:102150001EECF7F0984B992B9551985D9951800A98
:10216000976F9651800A9759ECE301D0EAD7F1B105
:102170000CD001D00AD093C58AF594C58BF591C5D2
:102180008CF592C58DF56BEC0AF093C581F594C57D
:1021900082F5E0EC0BF095518125916F96518221EB
:1021A000926F91C508F692C509F608C645F609C6AC
:1021B00046F6DAEF97F045C608F646C609F65BC65E
:1021C0000AF65CC60BF65DC60CF65EC60DF663C677
:1021D000F6F464C6F7F4F86A000EF86E0800F5C469
:1021E0000EF6366B0AC637F60BC638F60CC639F64D
:1021F0000DC63AF63ABF01D014D0010E366F37C67D
:1022000081F538C682F539C683F53AC684F541ECC6
:102210000CF081C537F682C538F683C539F684C51A
:102220003AF60601436B446BDFC52CF6E0C52DF68C
:10223000365107E101D005D00501F1A510D001D03C
:102240000ED00601365105E101D003D0136B2B0EE1
:1022500002D0136B2D0E126F12C636F607D0F1A7FF
:1022600005D001D003D0200E0601366F37C681F5A8
:1022700038C682F539C683F53AC684F566ECF4F0C3
:102280008105821101E091D001D08FD00601365135
:102290000AE001D008D036C600FD2C07D8A02D07D3
:1022A000446B010E436F0EC60FF6BF0E0F271A0EBA
:1022B0000F6112D001D010D0000E43250501816FAF
:1022C0000D0E060144210501826FE30E836FFF0EA0
:1022D000846F9CEC0AF00FD0000E43250501816F3E
:1022E0000D0E060144210501826FEB0E836FFF0E78
:1022F000846F9CEC0AF00601FD0E2C27FF0E2D23A7
:1023000008C691F509C692F5000E0501936F0D0EF2
:10231000946F2CC695F52DC696F5F1A10CD001D081
:102320000AD093C58AF594C58BF591C58CF592C5F5
:102330008DF56BEC0AF096BF01D002D0956B966BD1
:10234000986B996B0BD0826B200E816F91C583F5D2
:1023500092C584F51EECF7F0984B992B9551985D3A
:102360009951800A976F9651800A9759ECE301D0F2
:10237000EAD7F1B10CD001D00AD093C58AF594C543
:102380008BF591C58CF592C58DF56BEC0AF093C574
:1023900081F594C582F5E0EC0BF095518125916FA4
:1023A00096518221926F5AEF97F037C681F538C661
:1023B00082F539C683F53AC684F566ECF4F08151AE
:1023C000821138E101D036D0060136510AE001D041
:1023D00008D036C600FD2C07D8A02D07446B010E8F
:1023E000436F0EC60FF6BF0E0F271A0E0F6112D0E5
:1023F00001D010D0000E43250501816F0D0E06019E
:1024000044210501826FE70E836FFF0E846F9CEC01
:102410000AF071D7000E43250501816F0D0E0601EC
:1024200044210501826FEF0E836FFF0E846F9CECD9
:102430000AF061D706013F6B406B800E416F3F0E83
:10244000426F3B6B3C6B37C681F538C682F539C6A7
:1024500083F53AC684F50501856B866B876B886BBF
:1024600099ECFFF001E3D9D00DD0D7D00BD028C61E
:102470003FF629C640F62AC641F62BC642F60601AB
:102480003B4B3C2B3FC698F540C699F541C69AF5A3
:1024900042C69BF505019C6B9D6B200E9E6F410E05
:1024A0009F6F57ECD8F098C528F699C529F69AC5BC
:1024B0002AF69BC52BF606012851375D0501816F71
:1024C0000601295138590501826F06012A513959EF
:1024D0000501836F06012B513A590501846F82EC87
:1024E00003F084BFC4D784518311821105E1020E29
:1024F000815DBDE301D0BBD728C6B1F529C6B2F5D1
:102500002AC6B3F52BC6B4F537C6B5F538C6B6F549
:1025100039C6B7F53AC6B8F525ECF9F0A8E301D00D
:10252000A6D706013F51375D0501816F0601405175
:1025300038590501826F0601415139590501836FF0
:10254000060142513A590501846F82EC03F084BFC1
:1025500009D08451831182114BE1020E815D48E262
:1025600001D046D03FC637F640C638F641C639F6E8
:1025700042C63AF652D03FC6B1F540C6B2F541C6A2
:10258000B3F542C6B4F5B56BB66B200EB76F410E0E
:10259000B86F42ECE6F0B1C53FF6B2C540F6B3C540
:1025A00041F6B4C542F606013B07D8A03C073F51AF
:1025B000375D0501816F0601405138590501826F71
:1025C0000601415139590501836F060142513A59BB
:1025D0000501846F82EC03F084BFC4D7845183115A
:1025E000821106E1020E815D03E2BCD701D0BAD7A9
:1025F00037C6B1F538C6B2F539C6B3F53AC6B4F543
:102600003FC6B5F540C6B6F541C6B7F542C6B8F502
:1026100025ECF9F0B0E301D0AED70EC60FF6BF0E31
:1026200006010F27190E0F6506D001D004D00EC683
:1026300014F6156B08D0200E0EC60FF6106B0F1196
:10264000146F1051156F14C627F627C626F6670EAD
:1026500027191DE101D01BD00501E151E21105E16F
:1026600001D003D0E26B010EE16FE2BF06D0E25170
:1026700009E1E10507E201D005D00601256B060E50
:10268000246F0BD0E1C524F6E2C525F606D005017E
:10269000E2BFF3D7F7D7F1D7F5D7670E06012719B1
:1026A00020E101D01ED03CAF07D0FC0E3B5DFF0EF9
:1026B0003C5915E301D013D0FF0E24250F6FFF0EF8
:1026C0002521106F3B510F5D1051800A116F3C5155
:1026D000800A115904E301D002D0660E01D0650EC4
:1026E000266F24C620F625C621F6670E27190AE1B3
:1026F00001D008D0660E261907E101D005D03CBFF5
:1027000001D002D0204B212B660E261916E101D0F4
:1027100014D03CBF01D008D03F6B406B800E416F9E
:102720003F0E426F3B6B3C6B670E271906E001D0F2
:1027300004D03B5120273C5121233D6B3E6B37C6D3
:102740002EF638C62FF639C630F63AC631F63FC6F1
:1027500028F640C629F641C62AF642C62BF679D09D
:102760002EC6B1F52FC6B2F530C6B3F531C6B4F5F5
:102770003FC6B5F540C6B6F541C6B7F542C6B8F591
:1027800042ECE6F0B1C5CAF5B2C5CBF5B3C5CCF5A0
:10279000B4C5CDF5A6ECEAF0CAC532F6CBC533F622
:1027A000CCC534F6CDC535F632C6CAF533C6CBF541
:1027B00034C6CCF535C6CDF569ECF7F0CAC522F6BE
:1027C000CBC523F62EC600F62FC601F630C602F69C
:1027D00031C603F632C69CF533C69DF534C69EF568
:1027E00035C69FF53FC698F540C699F541C69AF59E
:1027F00042C69BF557ECD8F098C504F699C505F686
:102800009AC506F69BC507F692EC06F000C62EF6B2
:1028100001C62FF602C630F603C631F63FC6B1F543
:1028200040C6B2F541C6B3F542C6B4F5B56BB66B5A
:10283000200EB76F410EB86F42ECE6F0B1C53FF61F
:10284000B2C540F6B3C541F6B4C542F606013D4BEC
:102850003E2B20513D5D3E51800A0F6F2151800A71
:102860000F5901E27DD701D07BD73FC698F540C60E
:1028700099F541C69AF542C69BF505019C6B9D6B87
:10288000A00E9E6F400E9F6F57ECD8F098C532F6A1
:1028900099C533F69AC534F69BC535F62EC6B1F503
:1028A0002FC6B2F530C6B3F531C6B4F532C6B5F5AC
:1028B00033C6B6F534C6B7F535C6B8F525ECF9F02C
:1028C00004E201D002D006011AD02EC681F52FC62F
:1028D00082F530C683F531C684F532C685F533C638
:1028E00086F534C687F535C688F599ECFFF00BE31D
:1028F00001D009D0060122B106D001D004D0326B3C
:10290000336B346B356B37C6CAF538C6CBF539C671
:10291000CCF53AC6CDF532C6CEF533C6CFF534C6C2
:10292000D0F535C6D1F571ECDDF0CAC52EF6CBC5B4
:102930002FF6CCC530F6CDC531F62EC6B1F52FC673
:10294000B2F530C6B3F531C6B4F59C6B9D6B200E65
:102950009E6F410E9F6F28C698F529C699F52AC625
:102960009AF52BC69BF557ECD8F098C5B5F599C5E7
:10297000B6F59AC5B7F59BC5B8F525ECF9F026E391
:1029800001D024D006013B4B3C2B28C698F529C624
:1029900099F52AC69AF52BC69BF505019C6B9D6B94
:1029A000200E9E6F410E9F6F57ECD8F098C528F609
:1029B00099C529F69AC52AF69BC52BF6660E06011F
:1029C000261904E101D002D0204B212B28C63FF666
:1029D00029C640F62AC641F62BC642F6650E060108
:1029E000261907E001D005D03BC61EF63CC61FF6EF
:1029F00002D01E6B1F6B1D6B1B6B1C6B3D6B3E6B0C
:102A0000E6D02EC6B1F52FC6B2F530C6B3F531C645
:102A1000B4F53FC6B5F540C6B6F541C6B7F542C6F2
:102A2000B8F542ECE6F0B1C5CAF5B2C5CBF5B3C511
:102A3000CCF5B4C5CDF5A6ECEAF0CAC532F6CBC5E7
:102A400033F6CCC534F6CDC535F632C6CAF533C635
:102A5000CBF534C6CCF535C6CDF569ECF7F0CBBF78
:102A600007D0CB5114E10A0ECA5D11E201D00FD09C
:102A700032C6CAF533C6CBF534C6CCF535C6CDF56E
:102A800069ECF7F0CAC522F6CBC523F604D00601DF
:102A9000236B090E226F06012251231113E101D08D
:102AA00011D0670E27190EE101D00CD01FBF01D045
:102AB00009D00501F1B906D001D004D006011B4BA5
:102AC0001C2B3BD006011D5125E101D023D01FBF97
:102AD00001D020D0000E4325D96E0D0E4421DA6EB0
:102AE0002E0EDF6E434B442B2C07D8A02D07010E72
:102AF0001D6F10D0000E4325D96E0D0E4421DA6EE5
:102B0000300EDF6E434B442B2C07D8A02D071B073C
:102B1000D8A01C071B511C11EDE101D0EBD7000E12
:102B20004325D96E0D0E4421DA6E2251300FDF6E2F
:102B3000434B442B2C07D8A02D072EC600F62FC6DA
:102B400001F630C602F631C603F632C69CF533C62E
:102B50009DF534C69EF535C69FF53FC698F540C62F
:102B600099F541C69AF542C69BF557ECD8F098C541
:102B700004F699C505F69AC506F69BC507F692ECCC
:102B800006F000C62EF601C62FF602C630F603C6C2
:102B900031F63FC6B1F540C6B2F541C6B3F542C6FF
:102BA000B4F5B56BB66B200EB76F410EB86F42EC43
:102BB000E6F0B1C53FF6B2C540F6B3C541F6B4C5BF
:102BC00042F606011E07D8A01F073D4B3E2B2051A1
:102BD0003D5D3E51800A0F6F2151800A0F590CE272
:102BE00001D00AD044BF0DD7445106E14B0E435DDE
:102BF00001E207D701D005D71D5112E101D010D055
:102C00000501F1A90DD001D00BD0000E060143251E
:102C1000D96E0D0E4421DA6E2E0EDF6E434B442B1F
:102C200006013E6B4F0E3D6F000E3D25D96E0D0E19
:102C30003E21DA6EDF6A650E26197CE101D07AD07A
:102C40001A6B3CBF01D006D0010E1A6F3B6D3C1FC2
:102C5000D8B03C2B256B020E246F2AD03D07D8A09C
:102C60003E07000E3D25D96E0D0E3E21DA6E3BC6A5
:102C700081F53CC682F50501846B0A0E836F65EC15
:102C8000FFF08151300FDF6E3BC686F53CC687F5FD
:102C9000896B0A0E886F4CECFCF086C53BF687C545
:102CA0003CF606012407D8A025072C07D8A02D073D
:102CB0003B513C11D3E101D0D1D725BF06D02551DE
:102CC000CDE12405CBE201D0C9D73D07D8A03E070E
:102CD0001A5105E101D003D0176B2B0E02D0176BF0
:102CE0002D0E166F000E3D25D96E0D0E3E21DA6EAB
:102CF00016C6DFF42C07D8A02D073D07D8A03E0745
:102D00000EC60FF6BF0E0F27190E0F6505D001D0A6
:102D100003D0196B650E02D0196B450E186F000EAB
:102D20003D25D96E0D0E3E21DA6E18C6DFF42C0754
:102D3000D8A02D07000E0F6F0D0E106F43510F5FBF
:102D40004451105B3D510F250501816F06013E5135
:102D500010210501826F000E836F0D0E846F43C634
:102D600085F544C686F574EC01F0060143513D5DDE
:102D7000436F44513E59446F365101E102D0010E78
:102D800001D0000E3D6F3E6B0501F1A328D010D09D
:102D900026D00ED04307D8A04407000E4325D96E95
:102DA0000D0E4421DA6E300EDF6E2C07D8A02D07F1
:102DB00006012C513D5D3E51800A0F6F2D51800A56
:102DC0000F590DE201D00BD043513D5D3E51800AB9
:102DD0000F6F4451800A0F59DDE301D0DBD70601A4
:102DE00036510DE001D00BD04307D8A04407000EA8
:102DF0004325D96E0D0E4421DA6E36C6DFF43D51FF
:102E00002C5F3E512D5B08C691F509C692F5000E68
:102E100043250501936F0D0E060144210501946FB2
:102E20002CC695F52DC696F5F1A10CD001D00AD08F
:102E300093C58AF594C58BF591C58CF592C58DF532
:102E40006BEC0AF096BF01D002D0956B966B986B35
:102E5000996B0BD0826B200E816F91C583F592C563
:102E600084F51EECF7F0984B992B9551985D99518C
:102E7000800A976F9651800A9759ECE301D0EAD700
:102E8000F1B10CD001D00AD093C58AF594C58BF569
:102E900091C58CF592C58DF56BEC0AF093C581F563
:102EA00094C582F5E0EC0BF095518125916F965118
:102EB0008221926F91C508F692C509F608C645F6BB
:102EC00009C646F677D063C6F6F464C6F7F4F86A26
:102ED000000EF86E0800F550410A02E1F8EF8AF0A2
:102EE000040A02E1DBEF90F0030A02E1DBEF90F06D
:102EF000010A02E1DBEF90F0260A02E1F8EF8AF026
:102F0000040A02E1DBEF90F0030A02E1DBEF90F04C
:102F1000010A02E1DBEF90F047C6D9F448C6DAF4C3
:102F2000DEC4F6F4DDC4F7F4F86A000EF86E0800AB
:102F3000F550250A18E101D016D047C6D9F448C685
:102F4000DAF4DE2A000EDD220501826B250E816F88
:102F500045C683F546C684F51EECF7F00601466BC0
:102F6000010E456F27D047C6D9F448C6DAF4DE2AE9
:102F7000000EDD22F7EF88F047C6D9F448C6DAF430
:102F8000DEC4F6F4DDC4F7F4F86A000EF86E08004B
:102F9000F5500501816F826B45C683F546C684F501
:102FA0001EECF7F047C6D9F448C6DAF4DE2A000E64
:102FB000DD22D4D706014551FC274651FD236BC6BF
:102FC000F6F46CC6F7F4000EF86E0800F55002E057
:102FD00008EF80F0FCC665F6FDC666F6120000013B
:102FE0009451D8BC05D0010E07019C6F210EB66F1D
:102FF000A2EC01F09F94D1EC0FF0D68ED68CBF825C
:10300000BF84BF8679EC0BF0ACEC0DF0000E6100D4
:10301000A2F3C3FC0901F36BF46BF56BF66BF76B72
:10302000F86BF96BFA6B0701FB6BFB51020DF3C4F4
:10303000F7F6F4C4F8F6000E0601F8BFFF0EF96FBC
:10304000FA6F000EF7250501816F000E0601F821C9
:103050000501826F2C0E0601F9210501836FD1EC69
:10306000F6F00701FB51020DC30EF324D96E090ED1
:10307000F420DA6E81C5DEF482C5DDF4FB51020D69
:10308000C30EF324D96E090EF420DA6EDEC4F7F60F
:10309000DDC4F8F60601F7510901F3270601F851DE
:1030A0000901F423000EF523F623F723F823F9236F
:1030B000FA230701FB2B080EFB65B7D7F3C95BF9B1
:1030C000F4C95CF9F5C95DF9F6C95EF9F7C95FF9AC
:1030D000F8C960F9F9C961F9FAC962F9FC0E05018C
:1030E000816F82693F0E836FD1ECF6F081C559F98B
:1030F00082C55AF9FE0E816F82693F0E836FD1EC53
:10310000F6F081C557F982C558F9050E090157191E
:1031100003E1990E58191BE0040E571905E1990EA9
:10312000581902E1548513D054695A6B59695B6987
:103130005C6B5D6B5E6B5F6B606B616B626BF369AD
:10314000F469F569F669F76BF86BF96BFA6B5BC9B3
:10315000A6F55CC9A7F55DC9A8F55EC9A9F55FC963
:10316000AAF560C9ABF561C9ACF562C9ADF54AEC29
:10317000E4F00701D96F74D0980E6100A2F3D3FE7A
:10318000170E6100A2F3D4FE000E6100A2F3D5FE7B
:103190001C0E6100A2F3D9FE9F0E6100A2F3DAFEBD
:1031A000010E6100A2F3DBFE020E6100A2F3D6FE67
:1031B000100E6100A2F3D7FE000E43D0720E610024
:1031C000A2F3D3FE140E6100A2F3D4FE000E610040
:1031D000A2F3D5FE8C0E6100A2F3D9FE1C0E610095
:1031E000A2F3DAFE000E6100A2F3DBFECC0E61005A
:1031F000A2F3D6FE0F0E6100A2F3D7FE000E21D07F
:10320000D20E6100A2F3D3FE120E6100A2F3D4FE2F
:10321000000E6100A2F3D5FE2C0E6100A2F3D9FED0
:10322000A30E6100A2F3DAFE010E6100A2F3DBFE41
:10323000960E6100A2F3D6FE0F0E6100A2F3D7FE38
:10324000000E6100A2F3D8FE1AD0FEECF9F06E0E6B
:10325000816F060E826F000E836F69EC0EF00FD047
:10326000D9510601F76FF86BF851EFE1F751EDE036
:10327000010AC6E0030A80E0010AA0E0E6D72BEECF
:10328000D6F201D80AD00500FA6EDE50FD6EDE508F
:10329000FE6EDE50FF6EFA5012002BEED3F201D814
:1032A0000AD00500FA6EDE50FD6EDE50FE6EDE5076
:1032B000FF6EFA5012000501826B140E816F090E29
:1032C000856F81C583F582C584F50501D890833764
:1032D00084378551020D740EF324D96E0B0EF42041
:1032E000DA6E83C5DEF484C5DDF44E0E826F200EE7
:1032F000816F0C0E856F81C583F582C584F505014C
:10330000D890833784378551020D740EF324D96E1B
:103310000B0EF420DA6E83C5DEF484C5DDF42BEEEB
:10332000D6F201D80AD00500FA6EDE50FD6EDE50EE
:10333000FE6EDE50FF6EFA50120022EEF3F1FF0E29
:10334000DE140901F36FFF0EDE14F46FFF0EDE14BE
:10335000F56FFF0EDE14F66F000EDE14F76F000E31
:10336000DE14F86F000EDE14F96F000EDE14FA6F33
:10337000BEEC0FF0BAEC0FF0FC0E0501816FEF0E02
:10338000826F010E836FAFEC0EF09FEC0FF0B6EC86
:103390000FF08E0E0501816FE00E826F010E836FBC
:1033A000A8EC0EF05C0E816F1F0E826F000E836F13
:1033B000C4EC0EF0A8EC0FF0160E0501816F1F0E85
:1033C000826F000E836FBDEC0EF0A5EC0FF0840E43
:1033D0000801E96F0F0EEA6F0501876B640E866FB7
:1033E000FAECFEF0BF94BF92BF9633ECDCF007011D
:1033F000D8A56AD0D8952DECF1F0000937E0000E81
:103400000501816B37EC04F081C56DF682C56EF65F
:10341000C70E06016F6FFE0E706F5AEC04F0B4EC2D
:103420000CF00501816B010E37EC04F081C56DF6DF
:1034300082C56EF6F10E06016F6FFE0E706F5AECCC
:1034400004F02BECF6F00501816B010E37EC04F073
:1034500081C56DF682C56EF6DC0E06016F6FFE0E3D
:10346000706F5AEC04F02DECF1F010D0000E050155
:10347000816B37EC04F081C56DF682C56EF6060EE1
:1034800006016F6FFF0E706F5AEC04F00501816B3F
:10349000030E37EC04F081C56DF682C56EF6480E5A
:1034A00006016F6FFE0E706F5AEC04F02BEEA9F25E
:1034B000DF5058EC0DF034EC0FF0060E0501876F6D
:1034C000400E866FFAECFEF0090154B5C9EF9FF08B
:1034D000AB0E0601176F0D0E186F2BEED9F201D847
:1034E00029D10500FA6EDE50FD6EDE50FE6EDE5014
:1034F000FF6EFA501200E90E05018F6F100E906FEB
:1035000014EC04F0860E0601166F0A0E176F000EFB
:10351000186F050E196FCAECEFF034D10901AA51EA
:1035200013E1D90E05018F6F100E906F14EC04F0AB
:10353000760E0601166FE60E176F010E186F050E58
:10354000196FCAECEFF01ED1600E05018F6F200ECF
:10355000906F14EC04F0260E0601166F1F0E176F05
:10356000000E186F050E196FCAECEFF00BD1D20EDA
:1035700005018F6F110E906F14EC04F0EE0E060132
:10358000166F1E0E176F000E186F050E196FCAEC1E
:10359000EFF0F8D0C20E05018F6F110E906F14EC92
:1035A00004F0740E0601166F160E176F000E186FDA
:1035B000050E196FCAECEFF0E5D0E90E05018F6F2B
:1035C000150E906F14EC04F04A0E0601166F160EDD
:1035D000176F000E186F050E196FCAECEFF0D2D0FE
:1035E000B00E05018F6F200E906F14EC04F0460EA4
:1035F0000601166F0E0E176F000E186F050E196F6D
:10360000CAECEFF0BFD0E20E05018F6F110E906F84
:1036100014EC04F0B60E0601166FAD0E176F010E16
:10362000186F100E196FCAECEFF0ACD0900E0501B8
:103630008F6F200E906F14EC04F09E0E0601166F33
:10364000120E176F000E186F050E196FCAECEFF00F
:1036500099D0800E05018F6F200E906F14EC04F04E
:10366000ECD7700E05018F6F200E906F14EC04F0F4
:103670009E0E0601166F120E176F000E186F050EC4
:10368000196FCAECEFF007019E6B7CD007019E51C9
:10369000CDE0010ADEE0030AE4E0F5D7EC0E050117
:1036A0008F6F0D0E906F14EC04F05E0E0601166F16
:1036B000BD0E176F010E186F110E196FCAECEFF0E7
:1036C00061D0E40E05018F6F0F0E906F14EC04F0C3
:1036D000E60E0601166F1E0E176F000E186F050E10
:1036E000196FCAECEFF04ED0D40E05018F6F0F0E9C
:1036F000906F14EC04F0DE0E0601166F1E0E176FAD
:10370000000E186F050E196FCAECEFF03BD0A00E3B
:1037100005018F6F200E906F14EC04F0080E060167
:10372000166F150E176F000E186F050E196FCAEC85
:10373000EFF028D007019D510601F76FF86BF851A3
:1037400001E0D9D6F75101E1D6D6010A01E1E6D66A
:10375000030A01E10CD7010A01E11CD7070A01E1C4
:103760002CD7010A01E13CD7030A90E0010AA9E045
:103770000F0ABAE0010A92E0030AC9E0010A01E176
:1037800042D7B9D60C0E0501836F05018351020D96
:10379000740EF324D96E0B0EF420DA6EDE50DE10B8
:1037A00004E101D002D0010E01D0000E000901E1B8
:1037B000F0D3750E826F300E816F0C0E856F81C550
:1037C00083F582C584F50501D89083378437855108
:1037D000020D740EF324D96E0B0EF420DA6E83C53D
:1037E000DEF484C5DDF40901AA6BD3D3BFECF0F09D
:1037F0000C0E61EC0FF02BEEA9F2DF5058EC0DF03F
:103800002DECF1F0000913E0B4EC0CF0000E050112
:10381000816B37EC04F081C56DF682C56EF6C70E7C
:1038200006016F6FFE0E706F5AEC04F015D0000E9B
:103830000501816B37EC04F081C56DF682C56EF62B
:10384000060E06016F6FFF0E706F5AEC04F02BEC42
:10385000F6F0010E07019C6F0501816B010E37EC3C
:1038600004F081C56DF682C56EF60601706B150E0B
:103870006F6F730E716FFE0E726FB20E736FFE0E6E
:10388000746F24ECF5F00501816B020E37EC04F047
:1038900081C56DF682C56EF60601706B150E6F6FF1
:1038A0009D0E716FFE0E726FE9C873F6EAC874F66A
:1038B00024ECF5F00501816B030E37EC04F081C5B3
:1038C0006DF682C56EF60601706B150E6F6F880E71
:1038D000716FFE0E726F690E736FFF0E746FCE0EF6
:1038E000756FFF0E766F24ECF5F034EC0FF00701E6
:1038F0009C5108E0060E0501876F400E866FFAECBA
:10390000FEF007D0090E0501876F600E866FFAEC96
:10391000FEF0CBEC0AF07CEC04F056ECD5F000099C
:1039200013E1010E6100A2F3CBFE000E6100A2F3D1
:10393000CCFE6100A2F3CDFE6100A2F3CEFE010E2B
:1039400007019F6F09015481E2EC0AF0B4ECF7F033
:10395000000913E1010E6100A2F3CFFE000E610029
:10396000A2F3D0FE6100A2F3D1FE6100A2F3D2FE69
:10397000010E07019F6F0901548375EC02F052ECB0
:103980000CF0010E6100A2F3C3FC070E0501826F6B
:10399000A50E816F4AEC0DF02BEEA9F2DF5058EC2A
:1039A0000DF0E40E06016D6F2D0E6E6F706B3F0E05
:1039B0006F6FC10E716FFC0E726F24ECF5F0000E8C
:1039C0000501816B37EC04F081C56DF682C56EF69A
:1039D0000601706B150E6F6F330E716FFD0E726FF7
:1039E000B6C773F6746BCE0E756FFF0E766F24EC50
:1039F000F5F00501816B010E37EC04F081C56DF621
:103A000082C56EF60601706B150E6F6F890E716FB1
:103A1000FB0E726F5BC973F65CC974F65DC975F60F
:103A20005EC976F65FC977F660C978F661C979F63E
:103A300062C97AF654C97BF67C6B24ECF5F02BEE68
:103A4000CBF2DE50DE10DE10DE1007E12BEECFF2FF
:103A5000DE50DE10DE10DE102CE0050E09015719D5
:103A600003E1990E581905E0C20E0701ED6FFF0E34
:103A700004D0C80E0701ED6FFF0EEE6F0501816BDC
:103A8000020E37EC04F081C56DF682C56EF60601B4
:103A9000706B150E6F6F050E716FFE0E726FEDC7B6
:103AA00073F6EEC774F624ECF5F0030E0901546FBB
:103AB0002AD0050E0901571903E1990E581905E09E
:103AC000C20E0701EF6FFF0E04D0C80E0701EF6FA3
:103AD000FF0EF06F0501816B020E37EC04F081C51B
:103AE0006DF682C56EF60601706B150E6F6FD70E00
:103AF000716FFD0E726FEFC773F6F0C774F624ECAA
:103B0000F5F00901546B0501816B030E37EC04F0ED
:103B100081C56DF682C56EF60601706B150E6F6F6E
:103B2000640E716FFD0E726F690E736FFF0E746F0E
:103B300024ECF5F0010E0501816F000E37EC04F066
:103B400081C56DF682C56EF60601706B150E6F6F3E
:103B50007B0E716FFD0E726F24ECF5F0010E050106
:103B6000816F37EC04F081C56DF682C56EF60601F3
:103B7000706B150E6F6FC00E716FFD0E726FCE0EF3
:103B8000736FFF0E746F24ECF5F0010E0501816F69
:103B9000020E37EC04F081C56DF682C56EF60601A3
:103BA000706B150E6F6F920E716FFD0E726F24ECBD
:103BB000F5F0010E0501816F030E37EC04F081C5AD
:103BC0006DF682C56EF60601706B150E6F6F640E92
:103BD000716FFD0E726F690E736FFF0E746F24ECC0
:103BE000F5F0030E0501816F000E37EC04F081C57E
:103BF0006DF682C56EF60601706B150E6F6FEE0ED8
:103C0000716FFD0E726FCE0E736FFF0E746F24EC2A
:103C1000F5F0030E0501816F010E37EC04F081C54C
:103C20006DF682C56EF60601706B150E6F6FC00ED5
:103C3000716FFD0E726FCE0E736FFF0E746F24ECFA
:103C4000F5F0030E0501816F020E37EC04F081C51B
:103C50006DF682C56EF60601706B150E6F6FA90EBC
:103C6000716FFD0E726F24ECF5F0030E0501816F8C
:103C700037EC04F081C56DF682C56EF60601706BF7
:103C8000150E6F6F640E716FFD0E726F690E736F9C
:103C9000FF0E746F24ECF5F0020E0501816F000E2B
:103CA00037EC04F081C56DF682C56EF60601706BC7
:103CB000150E6F6F820E716FFC0E726F5BC973F61B
:103CC0005CC974F65DC975F65EC976F65FC977F6AC
:103CD00060C978F661C979F662C97AF657C97BF688
:103CE00058C97CF624ECF5F0020E0501816F010E37
:103CF00037EC04F081C56DF682C56EF60601706B77
:103D0000150E6F6F620E716FFB0E726F2CC973F61A
:103D10002DC974F62EC975F62FC976F610C977F637
:103D200011C978F612C979F613C97AF624ECF5F0C0
:103D3000020E0501816F37EC04F081C56DF682C576
:103D40006EF60601706B150E6F6F3B0E716FFB0EFA
:103D5000726F08C973F609C974F60AC975F60BC9FA
:103D600076F624ECF5F0020E0501816F030E37ECB8
:103D700004F081C56DF682C56EF60601706B150EF6
:103D80006F6F400E716FFC0E726F690E736FFF0ED6
:103D9000746FCE0E756FFF0E766F24ECF5F034EC79
:103DA0000FF00B0E0501876FB80E866FFAECFEF070
:103DB00007019F5107E0270E0501876F100E866FE0
:103DC000FAECFEF0010E0501826FF40E816F050E14
:103DD000856F81C583F582C584F50501D890833749
:103DE00084378551020D740EF324D96E0B0EF42026
:103DF000DA6E83C5DEF484C5DDF40B0E826FB80E77
:103E0000816F020E856F81C583F582C584F505013A
:103E1000D890833784378551020D740EF324D96E00
:103E20000B0EF420DA6E83C5DEF484C5DDF4050ED6
:103E3000826FDC0E816F070E856F81C583F582C5A9
:103E400084F50501D890833784378551020D740EAF
:103E5000F324D96E0B0EF420DA6E83C5DEF484C52C
:103E6000DDF40B0E826FB80E816F040E856F81C575
:103E700083F582C584F50501D89083378437855151
:103E8000020D740EF324D96E0B0EF420DA6E83C586
:103E9000DEF484C5DDF4270E826F100E816F060EEE
:103EA000856F81C583F582C584F50501D890833778
:103EB00084378551020D740EF324D96E0B0EF42055
:103EC000DA6E83C5DEF484C5DDF40B0E826FB80EA6
:103ED000816F030E856F81C583F582C584F5050169
:103EE000D890833784378551020D740EF324D96E30
:103EF0000B0EF420DA6E83C5DEF484C5DDF4826B2C
:103F0000010E816F856F81C583F582C584F505013A
:103F1000D890833784378551020D740EF324D96EFF
:103F20000B0EF420DA6E83C5DEF484C5DDF43FD0D9
:103F3000000EFCEC05F0000E816B37EC04F081C53F
:103F4000EBF882C5ECF8080120EE15F0EB51D9260C
:103F5000EC51DA22DF6A000E0501856F030EDCECFE
:103F6000F8F00601F76F080120EE13F0EB51D926A7
:103F7000EC51DA22F7C6DFF41AD0000E6100A2F38A
:103F8000C3FC0B0E0501876FB80E866FFAECFEF0CE
:103F90000ED02BEEC3F0DF500601F76FF86BF8512F
:103FA000ECE1F75101E122D4010AC2E0E6D7010EAB
:103FB0000501836F05018351020D740EF324D96E40
:103FC0000B0EF420DA6EDE50DE1004E101D002D0D8
:103FD000010E01D0000E00097EE0826B010E816FA0
:103FE000856F81C583F582C584F50501D890833737
:103FF00084378551020D740EF324D96E0B0EF42014
:10400000DA6E83C5DEF484C5DDF42BEECFF2DE502C
:10401000DE10DE10DE1013E1E2EC0AF0D69E0A019B
:104020006C5106E16B0010F9F3F86B0014F9F4F829
:10403000D68EF3C891F5F4C892F51AEC06F052EC5E
:104040000CF00901002B000E012302230323CDEC09
:1040500003F0010ECDEC03F0020ECDEC03F0040EE4
:10406000CDEC03F0050ECDEC03F0160ECDEC03F015
:10407000170ECDEC03F01D0ECDEC03F03B0ECDEC96
:1040800003F03C0ECDEC03F03D0ECDEC03F03E0E04
:10409000CDEC03F03F0ECDEC03F06B00CCF97DF0DE
:1040A00004002BEECBF2DE50DE10DE10DE1013E14A
:1040B000CBEC0AF005019F6BA06BA16BA26BA36B0D
:1040C000A46BA56B54ECFBF06EC7D9F46FC7DAF4A0
:1040D000DFBE56ECD5F0050E0501836F0501835157
:1040E000020D740EF324D96E0B0EF420DA6EDE503E
:1040F000DE1004E101D002D0010E01D0000E000953
:1041000002E105EFA7F052EC0CF0010E0501826F01
:10411000F40E816F050E856F81C583F582C584F528
:104120000501D890833784378551020D740EF3242E
:10413000D96E0B0EF420DA6E83C5DEF484C5DDF48F
:10414000040E0501836F05018351020D740EF324E3
:10415000D96E0B0EF420DA6EDE50DE1004E101D0D1
:1041600002D0010E01D0000E000903E0000EFCECAD
:1041700005F0000EB4EC0AF03CCC8AF53DCC8BF592
:104180003ECC8CF53FCC8DF5000E3FECEFF08AC5B0
:104190009CF58BC59DF58CC59EF58DC59FF50C01D5
:1041A000555105018A6F8B6B8C6B8D6B000E3FEC4C
:1041B000EFF08AC598F58BC599F58CC59AF58DC534
:1041C0009BF557ECD8F098C5B1F599C5B2F59AC5ED
:1041D000B3F59BC5B4F5B56B700EB66F140EB76F23
:1041E000470EB86F42ECE6F0B1C5DDF7B2C5DEF7B9
:1041F000B3C5DFF7B4C5E0F7DDC708F6DEC709F6DB
:10420000DFC70AF6E0C70BF6050E06010C6F010EBC
:104210000D6F1BECEEF008C66FF909C670F90AC6FF
:1042200071F90BC672F90501B16BB26BC60EB36FB3
:10423000420EB46F6FC9B5F570C9B6F571C9B7F55F
:1042400072C9B8F525ECF9F008E2000E09016F6FAC
:10425000706FC60E716F420E726F0501F85102E168
:10426000CEEFA6F089ECA7F0000E0501816B37ECCC
:1042700004F081C5F1F782C5F2F7F1C76DF6F2C718
:104280006EF60601706B150E6F6FF70E716FFF0EF5
:10429000726F020E0701A3250601736F000E07015E
:1042A000A4210601746F24ECF5F0030E0701F1253B
:1042B00006016D6F000E0701F22106016E6F706B33
:1042C000150E6F6FA20E716FFC0E726F6B0090F87F
:1042D00073F66B0094F874F66B0098F875F66B0043
:1042E0009CF876F66B00D4F977F66B00D8F978F67F
:1042F00024ECF5F0B50E09015B190BE11D0E5C19FC
:1043000008E1060E5D195E115F1160116111621105
:1043100046E038C8B1F539C8B2F53AC8B3F53BC87C
:10432000B4F50501B56BB66B200EB76F410EB86FD3
:1043300042ECE6F0B1C5FCF7B2C5FDF7B3C5FEF738
:10434000B4C5FFF7816B010E37EC04F081C56DF643
:1043500082C56EF60601706B150E6F6FFB0E716FE6
:10436000FC0E726F0D01B4510C0DBC0EF32406014E
:10437000736F0F0EF420746FFCC775F6FDC776F6E9
:10438000FEC777F6FFC778F644C879F645C87AF6CF
:1043900046C87BF647C87CF624ECF5F05DD040C8F3
:1043A000B1F541C8B2F542C8B3F543C8B4F505014B
:1043B000B56BB66B200EB76F410EB86F42ECE6F0EE
:1043C000B1C5FCF7B2C5FDF7B3C5FEF7B4C5FFF73D
:1043D0002CCBB1F52DCBB2F52ECBB3F52FCBB4F55D
:1043E000B56BB66BC80EB76F420EB86F42ECE6F015
:1043F000B1C5F7F7B2C5F8F7B3C5F9F7B4C5FAF721
:10440000816B010E37EC04F081C56DF682C56EF646
:104410000601706B150E6F6F170E716FFD0E726FC8
:104420000D01B4510C0DBC0EF3240601736F0F0E79
:10443000F420746FFCC775F6FDC776F6FEC777F6F5
:10444000FFC778F6F7C779F6F8C77AF6F9C77BF6AB
:10445000FAC77CF624ECF5F00901A45170E00501DF
:10446000816B020E37EC04F081C56DF682C56EF6E5
:104470000601706B150E6F6F610E716FFC0E726F1F
:104480000901A4510C0D480EF3240601736F200E90
:10449000F420746F0C0E0501F903F3C4F7F6F4C4AD
:1044A000F8F6FA03F3500601F827000EF725756FAA
:1044B000200EF821766F800E0501FD250601776F2D
:1044C000FF0E0501FE210601786F800E0501FB2518
:1044D0000601796FFF0E0501FC2106017A6F800E3F
:1044E0000701AF2506017B6FFF0E0701B021060112
:1044F0007C6F24ECF5F00501816B030E37EC04F0C2
:1045000081C56DF682C56EF60601706B150E6F6F74
:104510001E0E716FFA0E726FEDC573F6EEC574F66E
:10452000EFC575F6F0C576F6EBC577F6ECC578F60F
:1045300084C779F685C77AF624ECF5F09ED005019C
:10454000816B020E37EC04F081C56DF682C56EF604
:104550000601706B150E6F6F130E716FFB0E726F8D
:1045600050C873F651C874F652C875F653C876F63B
:1045700054C877F655C878F656C879F657C87AF60B
:1045800058C87BF659C87CF65AC87DF65BC87EF6DB
:104590008CC87FF68DC880F68EC881F68FC882F6EB
:1045A00024ECF5F0020E0701D91934E10501816B05
:1045B000030E37EC04F081C56DF682C56EF6060178
:1045C000706B150E6F6F480E716FFA0E726F20C808
:1045D00073F621C874F622C875F623C876F624C887
:1045E00077F625C878F626C879F627C87AF628C857
:1045F0007BF629C87CF62AC87DF62BC87EF600C853
:104600007FF601C880F602C881F603C882F624EC62
:10461000F5F033D00501816B030E37EC04F081C552
:104620006DF682C56EF60601706B150E6F6FEB0EA0
:10463000716FFA0E726F04C873F605C874F606C877
:1046400075F607C876F608C877F609C878F60AC876
:1046500079F60BC87AF60CC87BF60DC87CF60EC846
:104660007DF60FC87EF600C87FF601C880F602C846
:1046700081F603C882F624ECF5F00901A45101E1AA
:10468000A6D022EEE2F1DEC48AF5DDC48BF5050189
:10469000000E8BBFFF0E8C6F8D6F010E3FECEFF0A5
:1046A0008AC5B1F58BC5B2F58CC5B3F58DC5B4F52A
:1046B000B56BB66B200EB76F410EB86F42ECE6F0EB
:1046C000B1C5FCF7B2C5FDF7B3C5FEF7B4C5FFF73A
:1046D00022EEF0F1DEC48AF5DDC48BF5000E8BBF4F
:1046E000FF0E8C6F8D6F010E3FECEFF08AC5B1F5B8
:1046F0008BC5B2F58CC5B3F58DC5B4F5B56BB66B8E
:10470000700EB76F420EB86F42ECE6F0B1C5F7F726
:10471000B2C5F8F7B3C5F9F7B4C5FAF7010E816F62
:10472000000E37EC04F081C56DF682C56EF6060109
:10473000706B150E6F6F6D0E716FF90E726FFCC797
:1047400073F6FDC774F6FEC775F6FFC776F6F7C7B2
:1047500077F6F8C778F6F9C779F6FAC77AF624EC4F
:10476000F5F0ECC986F5EDC987F50501896B0A0EF0
:10477000886F4CECFCF086C5E9F787C5EAF7EAC913
:1047800086F5EBC987F5896B0A0E886F4CECFCF057
:1047900086C5EBF787C5ECF7010E816F37EC04F0A7
:1047A00081C56DF682C56EF60601706B150E6F6FD2
:1047B000C30E716FFA0E726FE9C773F6EAC774F62B
:1047C000EBC775F6ECC776F624ECF5F047D0010E92
:1047D0000501816F000E37EC04F081C56DF682C5CE
:1047E0006EF60601706B150E6F6F9A0E716FF90EF3
:1047F000726F00CE73F601CE74F602CE75F603CE5C
:1048000076F604CE77F605CE78F608CE79F609CEA0
:104810007AF624ECF5F0010E0501816F37EC04F017
:1048200081C56DF682C56EF60601706B150E6F6F51
:104830009A0E716FF90E726F0ACE73F60BCE74F684
:104840002CCE75F62DCE76F62ECE77F62FCE78F6C8
:104850003ACE79F63BCE7AF624ECF5F0020E07015B
:10486000D91902E0D9052DE1010E0501816F020E73
:1048700037EC04F081C56DF682C56EF60601706BEB
:10488000150E6F6F110E716FF90E726F8CC873F683
:104890008DC874F68EC875F68FC876F684C877F61C
:1048A00085C878F686C879F687C87AF61CC87BF67C
:1048B0001DC87CF61EC87DF61FC87EF624ECF5F0F8
:1048C00067D0DBCC8AF5DCCC8BF5DDCC8CF5DECC8F
:1048D0008DF5010E3FECEFF08AC5B1F58BC5B2F551
:1048E0008CC5B3F58DC5B4F5B56BB66B7A0EB76FE5
:1048F000440EB86F42ECE6F0B1C5FCF7B2C5FDF767
:10490000B3C5FEF7B4C5FFF7010E816F020E37EC99
:1049100004F081C56DF682C56EF60601706B150E4A
:104920006F6F3F0E716FF90E726FFCC773F6FDC7A4
:1049300074F6FEC775F6FFC776F658C78AF559C7ED
:104940008BF55AC78CF55BC78DF5010E3FECEFF088
:104950008AC577F68BC578F68CC579F68DC57AF65B
:1049600021EE62F3DEC48AF5DDC48BF5000E8BBF49
:10497000FF0E8C6F8D6F010E3FECEFF08AC57BF65A
:104980008BC57CF68CC57DF68DC57EF624ECF5F0E6
:10499000B50E09015B190CE11D0E5C1909E1060E4B
:1049A0005D195E115F1160116111621101E1CBD0DF
:1049B000020E0701D91902E0D9052DE1010E05010A
:1049C000816F030E37EC04F081C56DF682C56EF67B
:1049D0000601706B150E6F6FD40E716FFB0E726F48
:1049E00010C873F611C874F612C875F613C876F6B7
:1049F00014C877F615C878F616C879F617C87AF687
:104A000018C87BF619C87CF61AC87DF61BC87EF656
:104A100024ECF5F01AD124C78AF525C78BF526C7F3
:104A20008CF527C78DF5010E3FECEFF08AC5B1F587
:104A30008BC5B2F58CC5B3F58DC5B4F5B56BB66B4A
:104A4000200EB76F410EB86F42ECE6F0B1C5FCF72F
:104A5000B2C5FDF7B3C5FEF7B4C5FFF730C78AF599
:104A600031C78BF532C78CF533C78DF5010E3FEC9E
:104A7000EFF08AC5B1F58BC5B2F58CC5B3F58DC520
:104A8000B4F5B56BB66B200EB76F410EB86F42EC44
:104A9000E6F0B1C5F7F7B2C5F8F7B3C5F9F7B4C595
:104AA000FAF721EE5CF3DEC48AF5DDC48BF5000E67
:104AB0008BBFFF0E8C6F8D6F010E3FECEFF08AC540
:104AC000B1F58BC5B2F58CC5B3F58DC5B4F5B56B35
:104AD000B66B7A0EB76F440EB86F42ECE6F0B1C514
:104AE000F3F7B2C5F4F7B3C5F5F7B4C5F6F7010EA1
:104AF000816F030E37EC04F081C56DF682C56EF64A
:104B00000601706B150E6F6FF80E716FFB0E726FF2
:104B1000FCC773F6FDC774F6FEC775F6FFC776F6D9
:104B2000F7C777F6F8C778F6F9C779F6FAC77AF6CD
:104B3000F3C77BF6F4C77CF6F5C77DF6F6C77EF6BD
:104B400024ECF5F082D004C898F505C899F506C89C
:104B50009AF507C89BF505019C6B9D6B800E9E6FB7
:104B60003F0E9F6F57ECD8F098C5E1F799C5E2F773
:104B70009AC5E3F79BC5E4F720C898F521C899F5D5
:104B800022C89AF523C89BF59C6B9D6B800E9E6F87
:104B90003F0E9F6F57ECD8F098C5E5F799C5E6F73B
:104BA0009AC5E7F79BC5E8F721EE60F3DEC48AF506
:104BB000DDC48BF5000E8BBFFF0E8C6F8D6F010E69
:104BC0003FECEFF08AC5B1F58BC5B2F58CC5B3F5F6
:104BD0008DC5B4F5B56BB66B200EB76F410EB86FCF
:104BE00042ECE6F0B1C5F3F7B2C5F4F7B3C5F5F79B
:104BF000B4C5F6F7010E816F030E37EC04F081C5E2
:104C00006DF682C56EF60601706B150E6F6F1C0E89
:104C1000716FFC0E726FE1C773F6E2C774F6E3C7FB
:104C200075F6E4C776F6E5C777F6E6C778F6E7C720
:104C300079F6E8C77AF6F3C77BF6F4C77CF6F5C7D2
:104C40007DF6F6C77EF624ECF5F0020E0501816FC5
:104C5000000E37EC04F081C56DF682C56EF60601D4
:104C6000706B150E6F6F820E716FFC0E726F5BC9E9
:104C700073F65CC974F65DC975F65EC976F65FC9F0
:104C800077F660C978F661C979F662C97AF657C9CC
:104C90007BF658C97CF624ECF5F0020E0501816F15
:104CA000010E37EC04F081C56DF682C56EF6060183
:104CB000706B150E6F6F9B0E716FFA0E726F08CED0
:104CC000CAF509CECBF513ECFBF0CAC573F6CBC51C
:104CD00074F6CCC575F6CDC576F60ACECAF50BCE00
:104CE000CBF594ECFBF0CAC577F6CBC578F6CCC50E
:104CF00079F6CDC57AF624ECF5F0020E0501816F48
:104D000037EC04F081C56DF682C56EF60601706B56
:104D1000150E6F6FE30E716FF80E726F08C973F6A0
:104D200009C974F60AC975F60BC976F654C977F63F
:104D3000786BF7C579F67A6B24ECF5F0020E050175
:104D4000816F030E37EC04F081C56DF682C56EF6F7
:104D50000601706B150E6F6F720E716FFA0E726F27
:104D60003CCC73F63DCC74F63ECC75F63FCC76F673
:104D700055CC77F6786B6FC979F670C97AF671C938
:104D80007BF672C97CF624ECF5F034EC0FF00A01E6
:104D9000666B0501F86B000E37ECFDF02BEEAAF206
:104DA000DFC4F7F6DF2A460E0601F76529D00701B2
:104DB000B55158EC0DF02BEEAAF2DF500601F76F5B
:104DC000F86B2BEEACF2DF50F96FFA6B660EF92739
:104DD000000EFA23F751F95DFA51800AFB6FF85182
:104DE000800AFB5912E20701B52BB551030B030AE8
:104DF00002E1010EB56F000E6100A2F3AAFE05D01C
:104E00002BEEA9F2DF5058EC0DF02BEEB5F2DF508F
:104E100023E0030E0501836F05018351020D740E1B
:104E2000F324D96E0B0EF420DA6EDE50DE1004E1AE
:104E300001D002D0010E01D0000E00090AE0000EE0
:104E40006100A2F3B5FE2BEEA9F2DF5058EC0DF095
:104E500003D0030E58EC0DF02BEEB0F2DF5051E012
:104E6000060E0501836F05018351020D740EF324B4
:104E7000D96E0B0EF420DA6EDE50DE1004E101D0A4
:104E800002D0010E01D0000E00093BE0270E826F18
:104E9000100E816F060E856F81C583F582C584F57E
:104EA0000501D890833784378551020D740EF324A1
:104EB000D96E0B0EF420DA6E83C5DEF484C5DDF402
:104EC0000B0E826FB80E816F030E856F81C583F55F
:104ED00082C584F50501D890833784378551020D4A
:104EE000740EF324D96E0B0EF420DA6E83C5DEF453
:104EF00084C5DDF4010E6100A2F3B5FE000E7DEC69
:104F0000EDF00C01082B000E09230A230B23F5EF0B
:104F100099F04C0EC86F2E0EC96FF0EC0CF0C8C59E
:104F2000EDF8C9C5EEF8C20E06016D6F2A0E6E6F60
:104F3000706B190E6F6FFB0E716FFF0E726FEDC805
:104F400093F5EEC894F523ECE1F093C573F694C5A0
:104F500074F624ECF5F0000E6100A2F3C5FA7CEFC4
:104F6000B0F0FFC5AAF714C78AF515C78BF516C7A9
:104F70008CF517C78DF5010E3FECEFF08AC5B1F542
:104F80008BC5B2F58CC5B3F58DC5B4F5B56BB66BF5
:104F9000200EB76F410EB86F42ECE6F0B1C5DFF6F8
:104FA000B2C5E0F6B3C5E1F6B4C5E2F624C78AF5AA
:104FB00025C78BF526C78CF527C78DF5010E3FEC6D
:104FC000EFF08AC5B1F58BC5B2F58CC5B3F58DC5CB
:104FD000B4F5B56BB66B200EB76F410EB86F42ECEF
:104FE000E6F0B1C5E3F6B2C5E4F6B3C5E5F6B4C57F
:104FF000E6F628C78AF529C78BF52AC78CF52BC793
:105000008DF5010E3FECEFF08AC5B1F58BC5B2F519
:105010008CC5B3F58DC5B4F5B56BB66B200EB76F07
:10502000410EB86F42ECE6F0B1C5E7F6B2C5E8F65E
:10503000B3C5E9F6B4C5EAF630C78AF531C78BF5D2
:1050400032C78CF533C78DF5010E3FECEFF08AC502
:10505000B1F58BC5B2F58CC5B3F58DC5B4F5B56B9F
:10506000B66B200EB76F410EB86F42ECE6F0B1C5DB
:10507000EBF6B2C5ECF6B3C5EDF6B4C5EEF63CC73B
:105080008AF53DC78BF53EC78CF53FC78DF5010E00
:105090003FECEFF08AC5B1F58BC5B2F58CC5B3F521
:1050A0008DC5B4F5B56BB66B200EB76F410EB86FFA
:1050B00042ECE6F0B1C5EFF6B2C5F0F6B3C5F1F6D5
:1050C000B4C5F2F621EE62F3DEC48AF5DDC48BF5D9
:1050D000000E8BBFFF0E8C6F8D6F010E3FECEFF05B
:1050E0008AC5B1F58BC5B2F58CC5B3F58DC5B4F5E0
:1050F000B56BB66B200EB76F410EB86F42ECE6F0A1
:10510000B1C5F3F6B2C5F4F6B3C5F5F6B4C5F6F617
:10511000C20E06016D6F280E6E6F020E706F6F6B00
:10512000300E716FF70E726FAAC773F6746BDFC61D
:1051300075F6E0C676F6E1C677F6E2C678F618CBE5
:1051400079F619CB7AF61ACB7BF61BCB7CF6E3C645
:105150007DF6E4C67EF6E5C67FF6E6C680F6E7C6CF
:1051600081F6E8C682F6E9C683F6EAC684F6EBC69F
:1051700085F6ECC686F6EDC687F6EEC688F6EFC66F
:1051800089F6F0C68AF6F1C68BF6F2C68CF6F3C63F
:105190008DF6F4C68EF6F5C68FF6F6C690F670CB91
:1051A00091F671CB92F672CB93F673CB94F6EDC574
:1051B00095F6EEC596F6EFC597F6F0C598F6EBC5F1
:1051C00099F6ECC59AF684C79BF685C79CF6800EC7
:1051D0000501FD2506019D6FFF0E0501FE2106015B
:1051E0009E6F800E0501FB2506019F6FFF0E0501D6
:1051F000FC210601A06F800E0701AF250601A16FFB
:10520000FF0E0701B0210601A26F86C7A3F687C76C
:10521000A4F6A4C9A5F6A66BF9C5A7F6FAC5A8F623
:10522000B7CDA9F6AA6BF3C9ABF6F4C9ACF6F5C9CC
:10523000ADF6F6C9AEF6F7C9AFF6F8C9B0F6F9C9DA
:10524000B1F6FAC9B2F6C3C7B3F6C4C7B4F6C5C758
:10525000B5F6C6C7B6F6CBC7B7F6CCC7B8F6CDC756
:10526000B9F6CEC7BAF6CFC7BBF6D0C7BCF6D1C722
:10527000BDF6D2C7BEF6D3C7BFF6D4C7C0F6D5C7F2
:10528000C1F6D6C7C2F624ECF5F0120EE2EFAEF08E
:10529000FFC5AAF700C78AF501C78BF502C78CF5D1
:1052A00003C78DF5010E3FECEFF08AC5B1F58BC554
:1052B000B2F58CC5B3F58DC5B4F5B56BB66B200EE4
:1052C000B76F410EB86F42ECE6F0B1C5DFF6B2C57C
:1052D000E0F6B3C5E1F6B4C5E2F604C78AF505C742
:1052E0008BF506C78CF507C78DF5010E3FECEFF087
:1052F0008AC5B1F58BC5B2F58CC5B3F58DC5B4F5CE
:10530000B56BB66B200EB76F410EB86F42ECE6F08E
:10531000B1C5E3F6B2C5E4F6B3C5E5F6B4C5E6F645
:1053200008C78AF509C78BF50AC78CF50BC78DF539
:10533000010E3FECEFF08AC5B1F58BC5B2F58CC517
:10534000B3F58DC5B4F5B56BB66B200EB76F410ED6
:10535000B86F42ECE6F0B1C5E7F6B2C5E8F6B3C502
:10536000E9F6B4C5EAF61CC78AF51DC78BF51EC75A
:105370008CF51FC78DF5010E3FECEFF08AC5B1F536
:105380008BC5B2F58CC5B3F58DC5B4F5B56BB66BF1
:105390007A0EB76F440EB86F42ECE6F0B1C5EBF68B
:1053A000B2C5ECF6B3C5EDF6B4C5EEF62CC78AF57A
:1053B0002DC78BF52EC78CF52FC78DF5010E3FEC51
:1053C000EFF08AC5B1F58BC5B2F58CC5B3F58DC5C7
:1053D000B4F5B56BB66B200EB76F410EB86F42ECEB
:1053E000E6F0B1C5EFF6B2C5F0F6B3C5F1F6B4C557
:1053F000F2F650C78AF551C78BF552C78CF553C7E3
:105400008DF5010E3FECEFF08AC5B1F58BC5B2F515
:105410008CC5B3F58DC5B4F5B56BB66B200EB76F03
:10542000410EB86F42ECE6F0B1C5F3F6B2C5F4F642
:10543000B3C5F5F6B4C5F6F621EE5CF3DEC48AF525
:10544000DDC48BF5000E8BBFFF0E8C6F8D6F010ED0
:105450003FECEFF08AC5B1F58BC5B2F58CC5B3F55D
:105460008DC5B4F5B56BB66B200EB76F410EB86F36
:1054700042ECE6F0B1C5D7F6B2C5D8F6B3C5D9F659
:10548000B4C5DAF621EE5EF3DEC48AF5DDC48BF531
:10549000000E8BBFFF0E8C6F8D6F010E3FECEFF097
:1054A0008AC5B1F58BC5B2F58CC5B3F58DC5B4F51C
:1054B000B56BB66B200EB76F410EB86F42ECE6F0DD
:1054C000B1C5DBF6B2C5DCF6B3C5DDF6B4C5DEF6B4
:1054D000C20E06016D6F280E6E6F020E706F6F6B3D
:1054E000790E716FF60E726FAAC773F6746BDFC612
:1054F00075F6E0C676F6E1C677F6E2C678F6E3C65C
:1055000079F6E4C67AF6E5C67BF6E6C67CF6E7C62B
:105510007DF6E8C67EF6E9C67FF6EAC680F6EBC6FB
:1055200081F6ECC682F6EDC683F6EEC684F6EFC6CB
:1055300085F6F0C686F6F1C687F6F2C688F6F3C69B
:1055400089F6F4C68AF6F5C68BF6F6C68CF6D7C68B
:105550008DF6D8C68EF6D9C68FF6DAC690F6DBC6BB
:1055600091F6DCC692F6DDC693F6DEC694F6EDC57E
:1055700095F6EEC596F6EFC597F6F0C598F6EBC52D
:1055800099F6ECC59AF684C79BF685C79CF6800E03
:105590000501FD2506019D6FFF0E0501FE21060197
:1055A0009E6F800E0501FB2506019F6FFF0E050112
:1055B000FC210601A06F800E0701AF250601A16F37
:1055C000FF0E0701B0210601A26FA2C9A3F6A3C96D
:1055D000A4F6A4C9A5F6A66BF9C5A7F6FAC5A8F660
:1055E000B7CDA9F6AA6BF3C9ABF6F4C9ACF6F5C909
:1055F000ADF6F6C9AEF6F7C9AFF6F8C9B0F6F9C917
:10560000B1F6FAC9B2F650C8B3F651C8B4F652C8EA
:10561000B5F653C8B6F654C8B7F655C8B8F656C866
:10562000B9F657C8BAF658C8BBF659C8BCF65AC836
:10563000BDF65BC8BEF684C8BFF685C8C0F686C88E
:10564000C1F687C8C2F624ECF5F0110E0501FF6F14
:10565000040092EFB0F0FFC5AAF714C78AF515C78A
:105660008BF516C78CF517C78DF5010E3FECEFF0E3
:105670008AC5B1F58BC5B2F58CC5B3F58DC5B4F54A
:10568000B56BB66B200EB76F410EB86F42ECE6F00B
:10569000B1C5DFF6B2C5E0F6B3C5E1F6B4C5E2F6D2
:1056A00018C78AF519C78BF51AC78CF51BC78DF576
:1056B000010E3FECEFF08AC5B1F58BC5B2F58CC594
:1056C000B3F58DC5B4F5B56BB66B7A0EB76F440EF6
:1056D000B86F42ECE6F0B1C5E3F6B2C5E4F6B3C587
:1056E000E5F6B4C5E6F624C78AF525C78BF526C7C7
:1056F0008CF527C78DF5010E3FECEFF08AC5B1F5AB
:105700008BC5B2F58CC5B3F58DC5B4F5B56BB66B6D
:10571000200EB76F410EB86F42ECE6F0B1C5E7F668
:10572000B2C5E8F6B3C5E9F6B4C5EAF628C78AF506
:1057300029C78BF52AC78CF52BC78DF5010E3FECD9
:10574000EFF08AC5B1F58BC5B2F58CC5B3F58DC543
:10575000B4F5B56BB66B200EB76F410EB86F42EC67
:10576000E6F0B1C5EBF6B2C5ECF6B3C5EDF6B4C5DF
:10577000EEF630C78AF531C78BF532C78CF533C7E3
:105780008DF5010E3FECEFF08AC5B1F58BC5B2F592
:105790008CC5B3F58DC5B4F5B56BB66B200EB76F80
:1057A000410EB86F42ECE6F0B1C5EFF6B2C5F0F6C7
:1057B000B3C5F1F6B4C5F2F63CC78AF53DC78BF523
:1057C0003EC78CF53FC78DF5010E3FECEFF08AC563
:1057D000B1F58BC5B2F58CC5B3F58DC5B4F5B56B18
:1057E000B66B200EB76F410EB86F42ECE6F0B1C554
:1057F000F3F6B2C5F4F6B3C5F5F6B4C5F6F621EE88
:1058000062F3DEC48AF5DDC48BF5000E8BBFFF0E9C
:105810008C6F8D6F010E3FECEFF08AC5B1F58BC533
:10582000B2F58CC5B3F58DC5B4F5B56BB66B200E6E
:10583000B76F410EB86F42ECE6F0B1C5D7F6B2C50E
:10584000D8F6B3C5D9F6B4C5DAF6DBCC8AF5DCCC2C
:105850008BF5DDCC8CF5DECC8DF5010E3FECEFF059
:105860008AC5B1F58BC5B2F58CC5B3F58DC5B4F558
:10587000B56BB66B7A0EB76F440EB86F42ECE6F0BC
:10588000B1C5DBF6B2C5DCF6B3C5DDF6B4C5DEF6F0
:10589000C20E06016D6F280E6E6F020E706F6F6B79
:1058A000C20E716FF50E726FAAC773F6746BDFC606
:1058B00075F6E0C676F6E1C677F6E2C678F6E3C698
:1058C00079F6E4C67AF6E5C67BF6E6C67CF6E7C668
:1058D0007DF6E8C67EF6E9C67FF6EAC680F6EBC638
:1058E00081F6ECC682F6EDC683F6EEC684F6EFC608
:1058F00085F6F0C686F6F1C687F6F2C688F6F3C6D8
:1059000089F6F4C68AF6F5C68BF6F6C68CF6D7C6C7
:105910008DF6D8C68EF6D9C68FF6DAC690F6DBC6F7
:1059200091F6DCC692F6DDC693F6DEC694F6EDC5BA
:1059300095F6EEC596F6EFC597F6F0C598F6EBC569
:1059400099F6ECC59AF684C79BF685C79CF6800E3F
:105950000501FD2506019D6FFF0E0501FE210601D3
:105960009E6F800E0501FB2506019F6FFF0E05014E
:10597000FC210601A06F800E0701AF250601A16F73
:10598000FF0E0701B0210601A26F86C7A3F687C7E5
:10599000A4F6A4C9A5F6A66BF9C5A7F6FAC5A8F69C
:1059A000B7CDA9F6AA6BF3C9ABF6F4C9ACF6F5C945
:1059B000ADF6F6C9AEF6F7C9AFF6F8C9B0F6F9C953
:1059C000B1F6FAC9B2F6C3C7B3F6C4C7B4F6C5C7D1
:1059D000B5F6C6C7B6F6CBC7B7F6CCC7B8F6CDC7CF
:1059E000B9F6CEC7BAF6CFC7BBF6D0C7BCF6D1C79B
:1059F000BDF6D2C7BEF6D3C7BFF6D4C7C0F6D5C76B
:105A0000C1F6D6C7C2F624ECF5F0140EDBD1FFC503
:105A1000AAF714C78AF515C78BF516C78CF517C7F3
:105A20008DF5010E3FECEFF08AC5B1F58BC5B2F5EF
:105A30008CC5B3F58DC5B4F5B56BB66B200EB76FDD
:105A4000410EB86F42ECE6F0B1C5DFF6B2C5E0F644
:105A5000B3C5E1F6B4C5E2F618C78AF519C78BF5E8
:105A60001AC78CF51BC78DF5010E3FECEFF08AC508
:105A7000B1F58BC5B2F58CC5B3F58DC5B4F5B56B75
:105A8000B66B7A0EB76F440EB86F42ECE6F0B1C554
:105A9000E3F6B2C5E4F6B3C5E5F6B4C5E6F624C749
:105AA0008AF525C78BF526C78CF527C78DF5010E1E
:105AB0003FECEFF08AC5B1F58BC5B2F58CC5B3F5F7
:105AC0008DC5B4F5B56BB66B200EB76F410EB86FD0
:105AD00042ECE6F0B1C5E7F6B2C5E8F6B3C5E9F6C3
:105AE000B4C5EAF628C78AF529C78BF52AC78CF50D
:105AF0002BC78DF5010E3FECEFF08AC5B1F58BC5D4
:105B0000B2F58CC5B3F58DC5B4F5B56BB66B200E8B
:105B1000B76F410EB86F42ECE6F0B1C5EBF6B2C517
:105B2000ECF6B3C5EDF6B4C5EEF630C78AF531C76D
:105B30008BF532C78CF533C78DF5010E3FECEFF0D6
:105B40008AC5B1F58BC5B2F58CC5B3F58DC5B4F575
:105B5000B56BB66B200EB76F410EB86F42ECE6F036
:105B6000B1C5EFF6B2C5F0F6B3C5F1F6B4C5F2F6BD
:105B70003CC78AF53DC78BF53EC78CF53FC78DF511
:105B8000010E3FECEFF08AC5B1F58BC5B2F58CC5BF
:105B9000B3F58DC5B4F5B56BB66B200EB76F410E7E
:105BA000B86F42ECE6F0B1C5F3F6B2C5F4F6B3C592
:105BB000F5F6B4C5F6F621EE62F3DEC48AF5DDC46F
:105BC0008BF5000E8BBFFF0E8C6F8D6F010E3FECBF
:105BD000EFF08AC5B1F58BC5B2F58CC5B3F58DC5AF
:105BE000B4F5B56BB66B200EB76F410EB86F42ECD3
:105BF000E6F0B1C5D7F6B2C5D8F6B3C5D9F6B4C587
:105C0000DAF6DBCC8AF5DCCC8BF5DDCC8CF5DECCA2
:105C10008DF5010E3FECEFF08AC5B1F58BC5B2F5FD
:105C20008CC5B3F58DC5B4F5B56BB66B7A0EB76F91
:105C3000440EB86F42ECE6F0B1C5DBF6B2C5DCF657
:105C4000B3C5DDF6B4C5DEF6C20E06016D6F280ED3
:105C50006E6F020E706F6F6B0B0E716FF50E726FC1
:105C6000AAC773F6746BDFC675F6E0C676F6E1C6B2
:105C700077F6E2C678F6E3C679F6E4C67AF6E5C6C4
:105C80007BF6E6C67CF6E7C67DF6E8C67EF6E9C694
:105C90007FF6EAC680F6EBC681F6ECC682F6EDC664
:105CA00083F6EEC684F6EFC685F6F0C686F6F1C634
:105CB00087F6F2C688F6F3C689F6F4C68AF6F5C604
:105CC0008BF6F6C68CF6D7C68DF6D8C68EF6D9C634
:105CD0008FF6DAC690F6DBC691F6DCC692F6DDC624
:105CE00093F6DEC694F6EDC595F6EEC596F6EFC5CD
:105CF00097F6F0C598F6EBC599F6ECC59AF684C709
:105D00009BF685C79CF6800E0501FD2506019D6F5B
:105D1000FF0E0501FE2106019E6F800E0501FB2589
:105D200006019F6FFF0E0501FC210601A06F800E8A
:105D30000701AF250601A16FFF0E0701B021060183
:105D4000A26F86C7A3F687C7A4F6A4C9A5F6A66B5B
:105D5000F9C5A7F6FAC5A8F6B7CDA9F6AA6BF3C997
:105D6000ABF6F4C9ACF6F5C9ADF6F6C9AEF6F7C9AF
:105D7000AFF6F8C9B0F6F9C9B1F6FAC9B2F6C3C7B9
:105D8000B3F6C4C7B4F6C5C7B5F6C6C7B6F6CBC733
:105D9000B7F6CCC7B8F6CDC7B9F6CEC7BAF6CFC7F7
:105DA000BBF6D0C7BCF6D1C7BDF6D2C7BEF6D3C7C7
:105DB000BFF6D4C7C0F6D5C7C1F6D6C7C2F624EC25
:105DC000F5F0110E0501FF6FADD1110EFF6F070148
:105DD000AA6F14C78AF515C78BF516C78CF517C7B8
:105DE0008DF5010E3FECEFF08AC5B1F58BC5B2F52C
:105DF0008CC5B3F58DC5B4F5B56BB66B200EB76F1A
:105E0000410EB86F42ECE6F0B1C5DFF6B2C5E0F680
:105E1000B3C5E1F6B4C5E2F624C78AF525C78BF50C
:105E200026C78CF527C78DF5010E3FECEFF08AC52C
:105E3000B1F58BC5B2F58CC5B3F58DC5B4F5B56BB1
:105E4000B66B200EB76F410EB86F42ECE6F0B1C5ED
:105E5000E3F6B2C5E4F6B3C5E5F6B4C5E6F628C781
:105E60008AF529C78BF52AC78CF52BC78DF5010E4E
:105E70003FECEFF08AC5B1F58BC5B2F58CC5B3F533
:105E80008DC5B4F5B56BB66B200EB76F410EB86F0C
:105E900042ECE6F0B1C5E7F6B2C5E8F6B3C5E9F6FF
:105EA000B4C5EAF630C78AF531C78BF532C78CF531
:105EB00033C78DF5010E3FECEFF08AC5B1F58BC508
:105EC000B2F58CC5B3F58DC5B4F5B56BB66B200EC8
:105ED000B76F410EB86F42ECE6F0B1C5EBF6B2C554
:105EE000ECF6B3C5EDF6B4C5EEF63CC78AF53DC792
:105EF0008BF53EC78CF53FC78DF5010E3FECEFF0FB
:105F00008AC5B1F58BC5B2F58CC5B3F58DC5B4F5B1
:105F1000B56BB66B200EB76F410EB86F42ECE6F072
:105F2000B1C5EFF6B2C5F0F6B3C5F1F6B4C5F2F6F9
:105F300021EE62F3DEC48AF5DDC48BF5000E8BBF63
:105F4000FF0E8C6F8D6F010E3FECEFF08AC5B1F53F
:105F50008BC5B2F58CC5B3F58DC5B4F5B56BB66B15
:105F6000200EB76F410EB86F42ECE6F0B1C5F3F604
:105F7000B2C5F4F6B3C5F5F6B4C5F6F6C20E060121
:105F80006D6F280E6E6F020E706F6F6B300E716F3B
:105F9000F70E726FAAC773F6746BDFC675F6E0C6AC
:105FA00076F6E1C677F6E2C678F618CB79F619CB25
:105FB0007AF61ACB7BF61BCB7CF6E3C67DF6E4C6FD
:105FC0007EF6E5C67FF6E6C680F6E7C681F6E8C649
:105FD00082F6E9C683F6EAC684F6EBC685F6ECC619
:105FE00086F6EDC687F6EEC688F6EFC689F6F0C6E9
:105FF0008AF6F1C68BF6F2C68CF6F3C68DF6F4C6B9
:106000008EF6F5C68FF6F6C690F670CB91F671CB8C
:1060100092F672CB93F673CB94F6EDC595F6EEC57A
:1060200096F6EFC597F6F0C598F6EBC599F6ECC570
:106030009AF684C79BF685C79CF6800E0501FD2560
:1060400006019D6FFF0E0501FE2106019E6F800E69
:106050000501FB2506019F6FFF0E0501FC210601CE
:10606000A06F800E0701AF250601A16FFF0E07018B
:10607000B0210601A26F86C7A3F687C7A4F6A4C9FC
:10608000A5F6A66BF9C5A7F6FAC5A8F6B7CDA9F689
:10609000AA6BF3C9ABF6F4C9ACF6F5C9ADF6F6C90F
:1060A000AEF6F7C9AFF6F8C9B0F6F9C9B1F6FAC954
:1060B000B2F6C3C7B3F6C4C7B4F6C5C7B5F6C6C70C
:1060C000B6F6CBC7B7F6CCC7B8F6CDC7B9F6CEC7CC
:1060D000BAF6CFC7BBF6D0C7BCF6D1C7BDF6D2C79C
:1060E000BEF6D3C7BFF6D4C7C0F6D5C7C1F6D6C76C
:1060F000C2F624ECF5F016D00501FF51020A02E1C8
:10610000B1EFA7F0130A02E1B1EFA7F0030A02E131
:1061100048EFA9F0010A02E12BEFABF0070A01E119
:1061200076D453D6C20E0501816F280E826FE0EC43
:106130000BF0610006F675FE61000AF676FEC20EEF
:106140000701A36F280EA46F020EA66FA56BA76BA5
:10615000A86B010EA96FA06F010CC084030E05018E
:10616000E725E96F000EE821EA6FE5C5D9F4E6C539
:10617000DAF4DEC481F5DDC482F5E1EC0CF081C512
:1061800086F582C587F50501896B0A0E886F4CEC90
:10619000FCF086C500F787C501F70701000E01BFB7
:1061A000FF0E026F036F050120EE12F0E551D926B4
:1061B000E651DA22DEC481F5DDC482F5E1EC0CF0B3
:1061C00081C586F582C587F50501896B0A0E886F42
:1061D0004CECFCF086C504F787C505F70701000EF7
:1061E00005BFFF0E066F076F050120EE24F0E55195
:1061F000D926E651DA22DEC481F5DDC482F5E1EC70
:106200000CF081C586F582C587F50501896B0A0EFC
:10621000886F4CECFCF086C508F787C509F70701C5
:10622000000E09BFFF0E0A6F0B6FE5C5D9F4E6C576
:10623000DAF4DEC481F5DDC482F5E1EC0CF081C551
:1062400086F582C587F50501896B0A0E886F4CECCF
:10625000FCF086C50CF787C50DF70701000E0DBFD2
:10626000FF0E0E6F0F6F050120EE12F0E551D926DB
:10627000E651DA22DEC481F5DDC482F5E1EC0CF0F2
:1062800081C586F582C587F50501896B0A0E886F81
:106290004CECFCF086C510F787C511F70701000E1E
:1062A00011BFFF0E126F136F050120EE24F0E551B0
:1062B000D926E651DA22DEC481F5DDC482F5E1ECAF
:1062C0000CF081C586F582C587F50501896B0A0E3C
:1062D000886F4CECFCF086C514F787C515F70701ED
:1062E000000E15BFFF0E166F176F050120EE02F0AE
:1062F000E551D926E651DA22DEC481F5DDC482F506
:10630000E1EC0CF00A0E05018103F3C4D4F5F4C4EA
:10631000D5F58203F350D527D4C518F7D5C519F79D
:106320000701000E19BFFF0E1A6F1B6F050120EE4B
:1063300014F0E551D926E651DA22DEC481F5DDC438
:1063400082F5E1EC0CF00A0E05018103F3C4D4F5EB
:10635000F4C4D5F58203F350D527D4C51CF7D5C5B1
:106360001DF70701000E1DBFFF0E1E6F1F6F0501F9
:1063700020EE26F0E551D926E651DA22DEC481F579
:10638000DDC482F5E1EC0CF00A0E05018103F3C4D3
:10639000D4F5F4C4D5F58203F350D527D4C520F73E
:1063A000D5C521F70701000E21BFFF0E226F236F15
:1063B000050120EE64F0E551D926E651DA22DEC46B
:1063C00081F5DEC482F5DEC483F5DEC484F5CDEC50
:1063D00006F081C58AF582C58BF583C58CF584C529
:1063E0008DF5100E8E6F270E8F6F906B916BC6EC34
:1063F000F4F08AC524F78BC525F78CC526F78DC523
:1064000027F720EE68F0E551D926E651DA22DEC4FE
:1064100081F5DEC482F5DEC483F5DEC484F5CDECFF
:1064200006F081C58AF582C58BF583C58CF584C5D8
:106430008DF5100E8E6F270E8F6F906B916BC6ECE3
:10644000F4F08AC528F78BC529F78CC52AF78DC5C6
:106450002BF720EE6CF0E551D926E651DA22DEC4A6
:1064600081F5DEC482F5DEC483F5DEC484F5CDECAF
:1064700006F081C58AF582C58BF583C58CF584C588
:106480008DF5100E8E6F270E8F6F906B916BC6EC93
:10649000F4F08AC52CF78BC52DF78CC52EF78DC56A
:1064A0002FF720EE70F0E551D926E651DA22DEC44E
:1064B00081F5DEC482F5DEC483F5DEC484F5CDEC5F
:1064C00006F081C58AF582C58BF583C58CF584C538
:1064D0008DF5100E8E6F270E8F6F906B916BC6EC43
:1064E000F4F08AC530F78BC531F78CC532F78DC50E
:1064F00033F720EE74F0E551D926E651DA22DEC4F6
:1065000081F5DEC482F5DEC483F5DEC484F5CDEC0E
:1065100006F081C58AF582C58BF583C58CF584C5E7
:106520008DF5100E8E6F270E8F6F906B916BC6ECF2
:10653000F4F08AC534F78BC535F78CC536F78DC5B1
:1065400037F720EE78F0E551D926E651DA22DEC49D
:1065500081F5DEC482F5DEC483F5DEC484F5CDECBE
:1065600006F081C58AF582C58BF583C58CF584C597
:106570008DF5100E8E6F270E8F6F906B916BC6ECA2
:10658000F4F08AC538F78BC539F78CC53AF78DC555
:106590003BF720EE70F0E551D926E651DA22DEC451
:1065A00081F5DEC482F5DEC483F5DEC484F5CDEC6E
:1065B00006F081C58AF582C58BF583C58CF584C547
:1065C0008DF5100E8E6F270E8F6F906B916BC6EC52
:1065D000F4F08AC53CF78BC53DF78CC53EF78DC5F9
:1065E0003FF720EE74F0E551D926E651DA22DEC4F9
:1065F00081F5DEC482F5DEC483F5DEC484F5CDEC1E
:1066000006F081C58AF582C58BF583C58CF584C5F6
:106610008DF5100E8E6F270E8F6F906B916BC6EC01
:10662000F4F08AC540F78BC541F78CC542F78DC59C
:1066300043F720EE78F0E551D926E651DA22DEC4A0
:1066400081F5DEC482F5DEC483F5DEC484F5CDECCD
:1066500006F081C58AF582C58BF583C58CF584C5A6
:106660008DF5100E8E6F270E8F6F906B916BC6ECB1
:10667000F4F08AC544F78BC545F78CC546F78DC540
:1066800047F720EE60F0E551D926E651DA22DEC464
:1066900081F5DEC482F5DEC483F5DEC484F5CDEC7D
:1066A00006F081C550F782C551F783C552F784C5FE
:1066B00053F720EE60F0E551D926E651DA22DEC428
:1066C00081F5DEC482F5DEC483F5DEC484F5CDEC4D
:1066D00006F081C554F782C555F783C556F784C5C2
:1066E00057F720EE60F0E551D926E651DA22DEC4F4
:1066F00081F5DEC482F5DEC483F5DEC484F5CDEC1D
:1067000006F081C558F782C559F783C55AF784C585
:106710005BF720EE0AF0E551D926E651DA22DEC415
:1067200081F5DDC482F5E1EC0CF081C55CF782C532
:106730005DF7050120EE1CF0E551D926E651DA227D
:10674000DEC481F5DDC482F5E1EC0CF081C55EF7B5
:1067500082C55FF7050120EE2EF0E551D926E651FE
:10676000DA22DEC481F5DDC482F5E1EC0CF081C5EE
:1067700060F782C561F7050120EE0AF0E551D926E0
:10678000E651DA22DEC481F5DDC482F5E1EC0CF0DD
:1067900081C562F782C563F7050120EE3AF0E55145
:1067A000D926E651DA22DEC481F5DDC482F5E1ECBA
:1067B0000CF081C566F782C567F7000E05019C6F76
:1067C0009D6F200E9E6F410E9F6F21EE66F3DEC41B
:1067D0008AF5DDC48BF5000E8BBFFF0E8C6F8D6FBD
:1067E000010E3FECEFF08AC598F58BC599F58CC585
:1067F0009AF58DC59BF557ECD8F098C5CAF599C5A3
:10680000CBF59AC5CCF59BC5CDF569ECF7F0CAC5BB
:10681000DBFCCBC5DCFCCCC5DDFCCDC5DEFCDBCCBC
:106820008AF5DCCC8BF5DDCC8CF5DECC8DF5010E5C
:106830003FECEFF08AC570FB8BC571FB8CC572FB1A
:106840008DC573FB640008F48AF564000CF48BF5C5
:106850008C6B8D6B000E3FECEFF08AC5B1F58BC5EC
:10686000B2F58CC5B3F58DC5B4F5B56BB66BC80E76
:10687000B76F420EB86F42ECE6F0B1C518FBB2C577
:1068800019FBB3C51AFBB4C51BFB20EE04F0E551A0
:10689000D926E651DA22DEC4D4F5DDC4D5F5D4C557
:1068A00081F5D5C582F5836B846BCDEC06F081C58F
:1068B0008AF582C58BF583C58CF584C58DF5010EEF
:1068C0003FECEFF08AC598F58BC599F58CC59AF524
:1068D0008DC59BF59C6B9D6BC80E9E6F420E9F6F86
:1068E00057ECD8F098C524FB99C525FB9AC526FB23
:1068F0009BC527FB20EE16F0E551D926E651DA229A
:10690000DEC4D4F5DDC4D5F5D4C581F5D5C582F591
:10691000836B846BCDEC06F081C58AF582C58BF55F
:1069200083C58CF584C58DF5010E3FECEFF08AC56B
:1069300098F58BC599F58CC59AF58DC59BF59C6B23
:106940009D6BC80E9E6F420E9F6F57ECD8F098C596
:1069500028FB99C529FB9AC52AFB9BC52BFB20EE7A
:1069600028F0E551D926E651DA22DEC4D4F5DDC49B
:10697000D5F5D4C581F5D5C582F5836B846BCDEC97
:1069800006F081C58AF582C58BF583C58CF584C573
:106990008DF5010E3FECEFF08AC598F58BC599F5A2
:1069A0008CC59AF58DC59BF59C6B9D6BC80E9E6F33
:1069B000420E9F6F57ECD8F098C52CFB99C52DFB64
:1069C0009AC52EFB9BC52FFB20EE60F0E551D92622
:1069D000E651DA22DEC481F5DEC482F5DEC483F539
:1069E000DEC484F5CDEC06F081C58AF582C58BF551
:1069F00083C58CF584C58DF5010E3FECEFF08AC59B
:106A0000B1F58BC5B2F58CC5B3F58DC5B4F5B56BD5
:106A1000500EB66FC30EB76F470EB86F42ECE6F07C
:106A2000B1C500F8B2C501F8B3C502F8B4C503F8A2
:106A300020EE70F0E551D926E651DA22DEC481F568
:106A4000DEC482F5DEC483F5DEC484F5CDEC06F049
:106A500081C58AF582C58BF583C58CF584C58DF516
:106A6000010E3FECEFF08AC5B1F58BC5B2F58CC5D0
:106A7000B3F58DC5B4F5B56B500EB66FC30EB76FD9
:106A8000470EB86F42ECE6F0B1C584F8B2C585F8A0
:106A9000B3C586F8B4C587F8E5C5D9F4E6C5DAF418
:106AA000DEC481F5DDC482F5E1EC0CF0050181C5A1
:106AB0008AF582C58BF5000E8BBFFF0E8C6F8D6F34
:106AC000010E3FECEFF08AC5B1F58BC5B2F58CC570
:106AD000B3F58DC5B4F5B56BB66B200EB76F410E2F
:106AE000B86F42ECE6F0B1C538F8B2C539F8B3C5B5
:106AF0003AF8B4C53BF820EE12F0E551D926E6513C
:106B0000DA22DEC481F5DDC482F5E1EC0CF005018A
:106B100081C58AF582C58BF5000E8BBFFF0E8C6F89
:106B20008D6F010E3FECEFF08AC5B1F58BC5B2F564
:106B30008CC5B3F58DC5B4F5B56BB66B200EB76FCC
:106B4000410EB86F42ECE6F0B1C53CF8B2C53DF875
:106B5000B3C53EF8B4C53FF820EE24F0E551D92680
:106B6000E651DA22DEC481F5DDC482F5E1EC0CF0F9
:106B7000050181C58AF582C58BF5000E8BBFFF0E1E
:106B80008C6F8D6F010E3FECEFF08AC5B1F58BC5B0
:106B9000B2F58CC5B3F58DC5B4F5B56BB66B200EEB
:106BA000B76F410EB86F42ECE6F0B1C540F8B2C520
:106BB00041F8B3C542F8B4C543F820EE02F0E55100
:106BC000D926E651DA22DEC481F5DDC482F5E1EC96
:106BD0000CF0050181C58AF582C58BF5000E8BBFCF
:106BE000FF0E8C6F8D6F010E3FECEFF08AC5B1F593
:106BF0008BC5B2F58CC5B3F58DC5B4F5B56BB66B69
:106C0000C80EB76F420EB86F42ECE6F0B1C544F85B
:106C1000B2C545F8B3C546F8B4C547F820EE14F040
:106C2000E551D926E651DA22DEC481F5DDC482F5CC
:106C3000E1EC0CF0050181C58AF582C58BF5000EEB
:106C40008BBFFF0E8C6F8D6F010E3FECEFF08AC58E
:106C5000B1F58BC5B2F58CC5B3F58DC5B4F5B56B83
:106C6000B66BC80EB76F420EB86F42ECE6F0B1C516
:106C700048F8B2C549F8B3C54AF8B4C54BF820EE98
:106C800026F0E551D926E651DA22DEC481F5DDC4CD
:106C900082F5E1EC0CF0050181C58AF582C58BF522
:106CA000000E8BBFFF0E8C6F8D6F010E3FECEFF06F
:106CB0008AC5B1F58BC5B2F58CC5B3F58DC5B4F5F4
:106CC000B56BB66BC80EB76F420EB86F42ECE6F00C
:106CD000B1C54CF8B2C54DF8B3C54EF8B4C54FF8C0
:106CE00020EE3AF0E551D926E651DA22DEC481F5EC
:106CF000DDC482F5E1EC0CF0050181C58AF582C5A1
:106D00008BF5000E8BBFFF0E8C6F8D6F010E3FEC6D
:106D1000EFF08AC5B1F58BC5B2F58CC5B3F58DC55D
:106D2000B4F5B56BB66BC80EB76F420EB86F42ECD8
:106D3000E6F0B1C58CF8B2C58DF8B3C58EF8B4C510
:106D40008FF820EE0AF0E551D926E651DA22DEC4AA
:106D500081F5DDC482F5E1EC0CF0050181C58AF511
:106D600082C58BF5000E8BBFFF0E8C6F8D6F010EF1
:106D70003FECEFF08AC5B1F58BC5B2F58CC5B3F524
:106D80008DC5B4F5B56BB66B200EB76F410EB86FFD
:106D900042ECE6F0B1C510F8B2C511F8B3C512F86F
:106DA000B4C513F820EE1CF0E551D926E651DA22DD
:106DB000DEC481F5DDC482F5E1EC0CF0050181C58E
:106DC0008AF582C58BF5000E8BBFFF0E8C6F8D6F21
:106DD000010E3FECEFF08AC5B1F58BC5B2F58CC55D
:106DE000B3F58DC5B4F5B56BB66B200EB76F410E1C
:106DF000B86F42ECE6F0B1C514F8B2C515F8B3C5EA
:106E000016F8B4C517F820EE2EF0E551D926E65154
:106E1000DA22DEC481F5DDC482F5E1EC0CF0050177
:106E200081C58AF582C58BF5000E8BBFFF0E8C6F76
:106E30008D6F010E3FECEFF08AC5B1F58BC5B2F551
:106E40008CC5B3F58DC5B4F5B56BB66B200EB76FB9
:106E5000410EB86F42ECE6F0B1C518F8B2C519F8AA
:106E6000B3C51AF8B4C51BF820EE0AF0E551D926CF
:106E7000E651DA22DEC481F5DDC482F5E1EC0CF0E6
:106E8000050181C58AF582C58BF5000E8BBFFF0E0B
:106E90008C6F8D6F010E3FECEFF08AC5B1F58BC59D
:106EA000B2F58CC5B3F58DC5B4F5B56BB66B200ED8
:106EB000B76F410EB86F42ECE6F0B1C51CF8B2C531
:106EC0001DF8B3C51EF8B4C51FF820EE10F0E5514B
:106ED000D926E651DA22DE50DE1036E020EE04F04C
:106EE000E551D926E651DA22DEC4D4F5DDC4D5F564
:106EF000D4C581F5D5C582F5836B846BCDEC06F0E6
:106F000081C58AF582C58BF583C58CF584C58DF561
:106F1000010E3FECEFF08AC598F58BC599F58CC54D
:106F20009AF58DC59BF59C6B9D6B800E9E6FBF0E79
:106F30009F6F57ECD8F098C550F899C551F89AC58D
:106F400052F89BC553F825D020EE04F0E551D92620
:106F5000E651DA22DEC4D4F5DDC4D5F5D4C581F519
:106F6000D5C582F5836B846BCDEC06F081C58AF5BF
:106F700082C58BF583C58CF584C58DF5010E3FEC7C
:106F8000EFF08AC550F88BC551F88CC552F88DC505
:106F900053F820EE22F0E551D926E651DA22DE50F0
:106FA000DE1036E020EE16F0E551D926E651DA2261
:106FB000DEC4D4F5DDC4D5F5D4C581F5D5C582F5DB
:106FC000836B846BCDEC06F081C58AF582C58BF5A9
:106FD00083C58CF584C58DF5010E3FECEFF08AC5B5
:106FE00098F58BC599F58CC59AF58DC59BF59C6B6D
:106FF0009D6B800E9E6FBF0E9F6F57ECD8F098C5AB
:1070000054F899C555F89AC556F89BC557F825D038
:1070100020EE16F0E551D926E651DA22DEC4D4F589
:10702000DDC4D5F5D4C581F5D5C582F5836B846BF8
:10703000CDEC06F081C58AF582C58BF583C58CF54C
:1070400084C58DF5010E3FECEFF08AC554F88BC571
:1070500055F88CC556F88DC557F820EE34F0E5513B
:10706000D926E651DA22DE50DE1036E020EE28F096
:10707000E551D926E651DA22DEC4D4F5DDC4D5F5D2
:10708000D4C581F5D5C582F5836B846BCDEC06F054
:1070900081C58AF582C58BF583C58CF584C58DF5D0
:1070A000010E3FECEFF08AC598F58BC599F58CC5BC
:1070B0009AF58DC59BF59C6B9D6B800E9E6FBF0EE8
:1070C0009F6F57ECD8F098C558F899C559F89AC5EC
:1070D0005AF89BC55BF825D020EE28F0E551D9265B
:1070E000E651DA22DEC4D4F5DDC4D5F5D4C581F588
:1070F000D5C582F5836B846BCDEC06F081C58AF52E
:1071000082C58BF583C58CF584C58DF5010E3FECEA
:10711000EFF08AC558F88BC559F88CC55AF88DC55B
:107120005BF88CC870FB8DC871FB8EC872FB8FC872
:1071300073FBC0941200C084030E35240501E96F6F
:10714000000E3620EA6FE3C5D9F4E4C5DAF4DEC4F4
:10715000DAF5DDC4DBF5DAC500F7DBC501F70701B9
:10716000026B036B050120EE02F0E351D926E451D6
:10717000DA22DEC4DAF5DDC4DBF5DAC504F7DBC5F7
:1071800005F70701066B076B050120EE04F0E351DC
:10719000D926E451DA22DEC4DAF5DDC4DBF5DAC53E
:1071A00008F7DBC509F707010A6B0B6BE3C5D9F4D8
:1071B000E4C5DAF4DEC4DAF5DDC4DBF5DAC50CF7D4
:1071C000DBC50DF70E6B0F6B050120EE02F0E351EE
:1071D000D926E451DA22DEC4DAF5DDC4DBF5DAC5FE
:1071E00010F7DBC511F70701126B136B050120EED9
:1071F00004F0E351D926E451DA22DEC4DAF5DDC425
:10720000DBF5DAC514F7DBC515F70701166B176B4D
:10721000050120EE06F0E351D926E451DA22DEC45E
:10722000DAF5DDC4DBF50A0EDA03F3C4DCF5F4C4E9
:10723000DDF5DB03F350DD27DCC518F7DDC519F7F5
:1072400007011A6B1B6B050120EE08F0E351D926EC
:10725000E451DA22DEC4DAF5DDC4DBF50A0EDA0326
:10726000F3C4DCF5F4C4DDF5DB03F350DD27DCC546
:107270001CF7DDC51DF707011E6B1F6B050120EE16
:107280000AF0E351D926E451DA22DEC4DAF5DDC48E
:10729000DBF50A0EDA03F3C4DCF5F4C4DDF5DB0339
:1072A000F350DD27DCC520F7DDC521F70701226B90
:1072B000236B050120EE1CF0E351D926E451DA22BC
:1072C000DEC424F7DEC425F7DEC426F7DEC427F7C4
:1072D00020EE20F0E351D926E451DA22DEC428F76B
:1072E000DEC429F7DEC42AF7DEC42BF720EE24F033
:1072F000E351D926E451DA22DEC42CF7DEC42DF79F
:10730000DEC42EF7DEC42FF720EE34F0E351D92689
:10731000E451DA22DEC430F7DEC431F7DEC432F7DE
:10732000DEC433F720EE38F0E351D926E451DA22F7
:10733000DEC434F7DEC435F7DEC436F7DEC437F713
:1073400020EE3CF0E351D926E451DA22DEC438F7CE
:10735000DEC439F7DEC43AF7DEC43BF7B56BB66B73
:10736000200EB76F410EB86F20EE28F0E351D926FA
:10737000E451DA22DEC48AF5DEC48BF5DEC48CF576
:10738000DEC48DF5010E3FECEFF08AC5B1F58BC57B
:10739000B2F58CC5B3F58DC5B4F542ECE6F0B1C5D8
:1073A000CAF5B2C5CBF5B3C5CCF5B4C5CDF569EC1E
:1073B000F7F0CAC53CF7CBC53DF7CCC53EF7CDC508
:1073C0003FF7B56BB66B200EB76F410EB86F20EE6E
:1073D0002CF0E351D926E451DA22DEC48AF5DEC46A
:1073E0008BF5DEC48CF5DEC48DF5010E3FECEFF0BD
:1073F0008AC5B1F58BC5B2F58CC5B3F58DC5B4F5AD
:1074000042ECE6F0B1C5CAF5B2C5CBF5B3C5CCF5D3
:10741000B4C5CDF569ECF7F0CAC540F7CBC541F767
:10742000CCC542F7CDC543F7B56BB66B200EB76F31
:10743000410EB86F20EE30F0E351D926E451DA2244
:10744000DEC48AF5DEC48BF5DEC48CF5DEC48DF5B2
:10745000010E3FECEFF08AC5B1F58BC5B2F58CC5D6
:10746000B3F58DC5B4F542ECE6F0B1C5CAF5B2C5C9
:10747000CBF5B3C5CCF5B4C5CDF569ECF7F0CAC50D
:1074800044F7CBC545F7CCC546F7CDC547F720EE49
:1074900040F0E351D926E451DA22DEC450F7DEC4CD
:1074A00051F7DEC452F7DEC453F720EE44F0E35147
:1074B000D926E451DA22DEC458F7DEC459F7DEC417
:1074C0005AF7DEC45BF720EE48F0E351D926E451C9
:1074D000DA22DEC454F7DEC455F7DEC456F7DEC444
:1074E00057F720EE0CF0E351D926E451DA22DEC43E
:1074F00066F7DDC467F7000E9C6F9D6F200E9E6FD0
:10750000410E9F6F21EE66F3DEC48AF5DDC48BF574
:10751000000E8BBFFF0E8C6F8D6F010E3FECEFF0F6
:107520008AC598F58BC599F58CC59AF58DC59BF5DF
:1075300057ECD8F098C5CAF599C5CBF59AC5CCF5E6
:107540009BC5CDF569ECF7F0CAC5DBFCCBC5DCFC0F
:10755000CCC5DDFCCDC5DEFCDBCC8AF5DCCC8BF507
:10756000DDCC8CF5DECC8DF5010E3FECEFF08AC55D
:1075700070FB8BC571FB8CC572FB8DC573FB18C787
:107580008AF519C78BF51AC78CF51BC78DF5010E47
:107590003FECEFF08AC5B1F58BC5B2F58CC5B3F5FC
:1075A0008DC5B4F5B56BB66B7A0EB76F440EB86F78
:1075B00042ECE6F0B1C518FBB2C519FBB3C51AFB26
:1075C000B4C51BFB20EE1CF0E351D926E451DA22AE
:1075D000DEC48AF5DEC48BF5DEC48CF5DEC48DF521
:1075E000010E3FECEFF08AC598F58BC599F58CC577
:1075F0009AF58DC59BF59C6B9D6B200E9E6F410E81
:107600009F6F57ECD8F098C524FB99C525FB9AC508
:1076100026FB9BC527FB20EE20F0E351D926E45141
:10762000DA22DEC48AF5DEC48BF5DEC48CF5DEC456
:107630008DF5010E3FECEFF08AC598F58BC599F5F5
:107640008CC59AF58DC59BF59C6B9D6B200E9E6F2E
:10765000410E9F6F57ECD8F098C528FB99C529FBC0
:107660009AC52AFB9BC52BFB20EE24F0E351D926BB
:10767000E451DA22DEC48AF5DEC48BF5DEC48CF573
:10768000DEC48DF5010E3FECEFF08AC598F58BC591
:1076900099F58CC59AF58DC59BF59C6B9D6B200E5D
:1076A0009E6F410E9F6F57ECD8F098C52CFB99C583
:1076B0002DFB9AC52EFB9BC52FFB24C78AF525C73A
:1076C0008BF526C78CF527C78DF5010E3FECEFF043
:1076D0008AC5B1F58BC5B2F58CC5B3F58DC5B4F5CA
:1076E000B56BB66B200EB76F410EB86F42ECE6F08B
:1076F000B1C504F8B2C505F8B3C506F8B4C507F8B6
:1077000028C78AF529C78BF52AC78CF52BC78DF5B5
:10771000010E3FECEFF08AC5B1F58BC5B2F58CC513
:10772000B3F58DC5B4F5B56BB66B200EB76F410ED2
:10773000B86F42ECE6F0B1C508F8B2C509F8B3C5B8
:107740000AF8B4C50BF82CC78AF52DC78BF52EC7E0
:107750008CF52FC78DF5010E3FECEFF08AC5B1F522
:107760008BC5B2F58CC5B3F58DC5B4F5B56BB66BED
:10777000200EB76F410EB86F42ECE6F0B1C50CF8C1
:10778000B2C50DF8B3C50EF8B4C50FF820EE16F06B
:10779000E351D926E451DA22DEC4DAF5DDC4DBF5A3
:1077A000DAC58AF5DBC58BF58C6B8D6B000E3FEC73
:1077B000EFF08AC5B1F58BC5B2F58CC5B3F58DC5B3
:1077C000B4F5B56BB66BC80EB76F420EB86F42EC2E
:1077D000E6F0B1C520F8B2C521F8B3C522F8B4C5AA
:1077E00023F820EE18F0E351D926E451DA22DEC462
:1077F000DAF5DDC4DBF5DAC58AF5DBC58BF58C6B14
:107800008D6B000E3FECEFF08AC5B1F58BC5B2F57C
:107810008CC5B3F58DC5B4F5B56BB66BC80EB76F37
:10782000420EB86F42ECE6F0B1C524F8B2C525F8B7
:10783000B3C526F8B4C527F820EE1AF0E351D926CF
:10784000E451DA22DEC4DAF5DDC4DBF5DAC58AF507
:10785000DBC58BF58C6B8D6B000E3FECEFF08AC5B2
:10786000B1F58BC5B2F58CC5B3F58DC5B4F5B56B67
:10787000B66BC80EB76F420EB86F42ECE6F0B1C5FA
:1078800028F8B2C529F8B3C52AF8B4C52BF8B16BEE
:10789000B26B340EB36F430EB46F20C8B5F521C878
:1078A000B6F522C8B7F523C8B8F525ECF9F018E20B
:1078B00020C8CAF521C8CBF522C8CCF523C8CDF520
:1078C000CE6BCF6BB40ED06FC30ED16F71ECDDF009
:1078D000CAC520F8CBC521F8CCC522F8CDC523F800
:1078E000B16BB26B340EB36F430EB46F24C8B5F5F1
:1078F00025C8B6F526C8B7F527C8B8F525ECF9F0C0
:1079000018E224C8CAF525C8CBF526C8CCF527C887
:10791000CDF5CE6BCF6BB40ED06FC30ED16F71ECC3
:10792000DDF0CAC524F8CBC525F8CCC526F8CDC5F1
:1079300027F8B16BB26B340EB36F430EB46F28C827
:10794000B5F529C8B6F52AC8B7F52BC8B8F525ECA2
:10795000F9F018E228C8CAF529C8CBF52AC8CCF531
:107960002BC8CDF5CE6BCF6BB40ED06FC30ED16FDD
:1079700071ECDDF0CAC528F8CBC529F8CCC52AF8CA
:10798000CDC52BF820EE40F0E351D926E451DA22A0
:10799000DEC48AF5DEC48BF5DEC48CF5DEC48DF55D
:1079A000010E3FECEFF08AC5B1F58BC5B2F58CC581
:1079B000B3F58DC5B4F5B56BB66B200EB76F410E40
:1079C000B86F42ECE6F0B1C500F8B2C501F8B3C536
:1079D00002F8B4C503F820EE4CF0E351D926E45187
:1079E000DA22DEC4DAF5DDC4DBF5DBC5DAF5DB6B04
:1079F000DAC58AF5DBC58BF58C6B8D6B000E3FEC21
:107A0000EFF08AC5CAF58BC5CBF58CC5CCF58DC515
:107A1000CDF569ECF7F0CAC500F6CBC501F6060155
:107A2000000E01BFFF0E026F036F00C68AF501C68C
:107A30008BF502C68CF503C68DF5010E3FECEFF019
:107A40008AC5B1F58BC5B2F58CC5B3F58DC5B4F556
:107A5000B56BB66BC80EB76F420EB86F42ECE6F06E
:107A6000B1C510F8B2C511F8B3C512F8B4C513F812
:107A700020EE4CF0E351D926E451DA22DEC4DAF5E7
:107A8000DDC4DBF5DA518A6F8B6B8C6B8D6B000E6E
:107A90003FECEFF08AC5CAF58BC5CBF58CC5CCF5AC
:107AA0008DC5CDF569ECF7F0CAC500F6CBC501F67A
:107AB0000601000E01BFFF0E026F036F00C68AF5BC
:107AC00001C68BF502C68CF503C68DF5010E3FECA1
:107AD000EFF08AC5B1F58BC5B2F58CC5B3F58DC590
:107AE000B4F5B56BB66BC80EB76F420EB86F42EC0B
:107AF000E6F0B1C514F8B2C515F8B3C516F8B4C5AB
:107B000017F820EE4EF0E351D926E451DA22DEC414
:107B1000DAF5DDC4DBF5DBC5DAF5DB6BDAC58AF552
:107B2000DBC58BF58C6B8D6B000E3FECEFF08AC5DF
:107B3000CAF58BC5CBF58CC5CCF58DC5CDF569ECFB
:107B4000F7F0CAC500F6CBC501F60601000E01BF6D
:107B5000FF0E026F036F00C68AF501C68BF502C6E1
:107B60008CF503C68DF5010E3FECEFF08AC5B1F53B
:107B70008BC5B2F58CC5B3F58DC5B4F5B56BB66BD9
:107B8000C80EB76F420EB86F42ECE6F0B1C518F8F8
:107B9000B2C519F8B3C51AF8B4C51BF820EE4EF0FB
:107BA000E351D926E451DA22DEC4DAF5DDC4DBF58F
:107BB000DA518A6F8B6B8C6B8D6B000E3FECEFF0A4
:107BC0008AC5CAF58BC5CBF58CC5CCF58DC5CDF571
:107BD00069ECF7F0CAC500F6CBC501F60601000E48
:107BE00001BFFF0E026F036F00C68AF501C68BF559
:107BF00002C68CF503C68DF5010E3FECEFF08AC589
:107C0000B1F58BC5B2F58CC5B3F58DC5B4F5B56BC3
:107C1000B66BC80EB76F420EB86F42ECE6F0B1C556
:107C20001CF8B2C51DF8B3C51EF8B4C51FF89C6B8F
:107C30009D6B200E9E6F410E9F6F20EE4CF0E35126
:107C4000D926E451DA22DEC4DAF5DDC4DBF5DBC582
:107C5000DAF5DB6BDAC58AF5DBC58BF58C6B8D6BE2
:107C6000000E3FECEFF08AC598F58BC599F58CC5F1
:107C70009AF58DC59BF557ECD8F098C5CAF599C50E
:107C8000CBF59AC5CCF59BC5CDF569ECF7F0CAC527
:107C90005CF7CBC55DF79C6B9D6B200E9E6F410E14
:107CA0009F6F20EE4CF0E351D926E451DA22DEC476
:107CB000DAF5DDC4DBF5DA518A6F8B6B8C6B8D6B7B
:107CC000000E3FECEFF08AC598F58BC599F58CC591
:107CD0009AF58DC59BF557ECD8F098C5CAF599C5AE
:107CE000CBF59AC5CCF59BC5CDF569ECF7F0CAC5C7
:107CF0005EF7CBC55FF79C6B9D6B200E9E6F410EB0
:107D00009F6F20EE4EF0E351D926E451DA22DEC413
:107D1000DAF5DDC4DBF5DBC5DAF5DB6BDAC58AF550
:107D2000DBC58BF58C6B8D6B000E3FECEFF08AC5DD
:107D300098F58BC599F58CC59AF58DC59BF557ECD3
:107D4000D8F098C5CAF599C5CBF59AC5CCF59BC5B1
:107D5000CDF569ECF7F0CAC560F7CBC561F79C6B50
:107D60009D6B200E9E6F410E9F6F20EE4EF0E351F3
:107D7000D926E451DA22DEC4DAF5DDC4DBF5DA51C6
:107D80008A6F8B6B8C6B8D6B000E3FECEFF08AC5AE
:107D900098F58BC599F58CC59AF58DC59BF557EC73
:107DA000D8F098C5CAF599C5CBF59AC5CCF59BC551
:107DB000CDF569ECF7F0CAC562F7CBC563F720EEE5
:107DC00006F0E351D926E451DA22DEC4DAF5DDC447
:107DD000DBF5DAC58AF5DBC58BF58C6B8D6B000E98
:107DE0003FECEFF08AC5B1F58BC5B2F58CC5B3F5A4
:107DF0008DC5B4F5B56BB66BC80EB76F420EB86FD4
:107E000042ECE6F0B1C544F8B2C545F8B3C546F852
:107E1000B4C547F820EE08F0E351D926E451DA2240
:107E2000DEC4DAF5DDC4DBF5DAC58AF5DBC58BF532
:107E30008C6B8D6B000E3FECEFF08AC5B1F58BC5F6
:107E4000B2F58CC5B3F58DC5B4F5B56BB66BC80E80
:107E5000B76F420EB86F42ECE6F0B1C548F8B2C554
:107E600049F8B3C54AF8B4C54BF820EE0AF0E3511F
:107E7000D926E451DA22DEC4DAF5DDC4DBF5DAC551
:107E80008AF5DBC58BF58C6B8D6B000E3FECEFF04C
:107E90008AC5B1F58BC5B2F58CC5B3F58DC5B4F502
:107EA000B56BB66BC80EB76F420EB86F42ECE6F01A
:107EB000B1C548F8B2C549F8B3C54AF8B4C54BF8DE
:107EC00020EE1CF0E351D926E451DA22DEC48AF513
:107ED000DEC48BF5DEC48CF5DEC48DF5010E3FECFF
:107EE000EFF08AC5B1F58BC5B2F58CC5B3F58DC57C
:107EF000B4F5B56BB66B200EB76F410EB86F42ECA0
:107F0000E6F0B1C550F8B2C551F8B3C552F8B4C5E2
:107F100053F820EE20F0E351D926E451DA22DEC4F2
:107F20008AF5DEC48BF5DEC48CF5DEC48DF5010E5A
:107F30003FECEFF08AC5B1F58BC5B2F58CC5B3F552
:107F40008DC5B4F5B56BB66B200EB76F410EB86F2B
:107F500042ECE6F0B1C554F8B2C555F8B3C556F8D1
:107F6000B4C557F820EE24F0E351D926E451DA22C3
:107F7000DEC48AF5DEC48BF5DEC48CF5DEC48DF577
:107F8000010E3FECEFF08AC5B1F58BC5B2F58CC59B
:107F9000B3F58DC5B4F5B56BB66B200EB76F410E5A
:107FA000B86F42ECE6F0B1C558F8B2C559F8B3C5A0
:107FB0005AF8B4C55BF820EE0CF0E351D926E45131
:107FC000DA22DEC4DAF5DDC4DBF5DAC58AF5DBC515
:107FD0008BF58C6B8D6B000E3FECEFF08AC5B1F525
:107FE0008BC5B2F58CC5B3F58DC5B4F5B56BB66B65
:107FF000C80EB76F420EB86F42ECE6F0B1C58CF810
:10800000B2C58DF8B3C58EF8B4C58FF820EE44F034
:10801000E351D926E451DA22DEC48AF5DEC48BF5B9
:10802000DEC48CF5DEC48DF5010E3FECEFF08AC5A1
:10803000B1F58BC5B2F58CC5B3F58DC5B4F5B56B8F
:10804000B66BC80EB76F420EB86F42ECE6F0B1C522
:1080500084F8B2C585F8B3C586F8B4C587F8E3C51A
:10806000D9F4E4C5DAF4DEC4DAF5DDC4DBF5DAC54B
:108070008AF5DBC58BF58C6B8D6B000E3FECEFF05A
:108080008AC538F88BC539F88CC53AF88DC53BF8E8
:1080900020EE02F0E351D926E451DA22DEC4DAF50B
:1080A000DDC4DBF5DAC58AF5DBC58BF58C6B8D6B32
:1080B000000E3FECEFF08AC53CF88BC53DF88CC54F
:1080C0003EF88DC53FF820EE04F0E351D926E45187
:1080D000DA22DEC4DAF5DDC4DBF5DAC58AF5DBC504
:1080E0008BF58C6B8D6B000E3FECEFF08AC540F882
:1080F0008BC541F88CC542F88DC543F88CC870FB20
:108100008DC871FB8EC872FB8FC873FBC0941200C0
:10811000800EA2250601136FA20E0501A321060100
:10812000146F430E0501A4210601156FC70E05014A
:10813000A5210601166F810E0501A25D5D0EA359F2
:10814000BC0EA459380EA55933E313C681F514C6E5
:1081500082F515C683F516C684F5800E856F510E1F
:10816000866F010E876F886BC3ECFCF081C50FF63C
:1081700082C510F683C511F684C512F613C681F5C3
:1081800014C682F515C683F516C684F5800E856F74
:10819000510E866F010E876F886BB8EC00F081C5B9
:1081A00023F682C524F683C525F684C526F632D08B
:1081B00013C68AF514C68BF515C68CF516C68DF553
:1081C000800E8E6F510E8F6F010E906F916BC6EC0B
:1081D000F4F08AC50FF68BC510F68CC511F68DC567
:1081E00012F613C698F514C699F515C69AF516C673
:1081F0009BF5800E9C6F510E9D6F010E9E6F9F6BC5
:108200007FECF6F098C523F699C524F69AC525F6B5
:108210009BC526F6060126AF0DD0800E2327510EF2
:108220002423010E2523000E2623FF0E0F07102303
:1082300011231223030E0F250501986F000E06016E
:1082400010210501996F000E0601112105019A6F99
:10825000000E0601122105019B6F070E9C6F9D6B9E
:108260009E6B9F6B7FECF6F098C509F699C50AF6F0
:1082700006010AAF04D0070E0927000E0A230FC615
:108280008AF510C68BF511C68CF512C68DF5B10EA8
:1082900005018E6F3A0E8F6F020E906F916BC6ECD8
:1082A000F4F08AC504F68BC505F68CC506F68DC5B7
:1082B00007F60FC698F510C699F511C69AF512C6BD
:1082C0009BF5B10E9C6F3A0E9D6F020E9E6F9F6BD9
:1082D0007FECF6F098C529F699C52AF69AC52BF6D3
:1082E0009BC52CF606012CAF0DD0B10E29273A0EF6
:1082F0002A23020E2B23000E2C23FF0E0407052336
:108300000623072329C68AF52AC68BF52BC68CF5CA
:108310002CC68DF5AC0E05018E6F8E0E8F6F906B97
:10832000916BC6ECF4F08AC51BF68BC51CF68CC5A8
:108330001DF68DC51EF6040E06011B191C111D111C
:108340001E1105E1FF0E1B071C231D231E231BC648
:10835000A8F51CC6A9F51DC6AAF51EC6ABF5AC0E40
:108360000501A803F3C4ACF5F4C4ADF5AE6BAF6B77
:10837000A903F350AD27F450AE23000EAF238E0EA9
:10838000A803F350AD27F450AE23000EAF23AC0E7C
:10839000AA03F350AE27F450AF238E0EA903F35077
:1083A000AE27F450AF23000EA803F350AE27F450CD
:1083B000AF23AC0EAB03F350AF278E0EAA03F350DE
:1083C000AF27000EA903F350AF27000EA803F35008
:1083D000AF27AC510601295F0501AD5106012A5BAB
:1083E0000501AE5106012B5B0501AF5106012C5B67
:1083F00029C68AF52AC68BF52BC68CF52CC68DF5B9
:10840000B50E05018E6F050E8F6F906B916BC6ECEC
:10841000F4F08AC51FF68BC520F68CC521F68DC5F4
:1084200022F6190E06011F1920112111221105E152
:10843000FF0E1F072023212322231FC6A8F520C6D5
:10844000A9F521C6AAF522C6ABF5B50E0501A8030C
:10845000F3C4ACF5F4C4ADF5AE6BAF6BA903F35048
:10846000AD27F450AE23000EAF23050EA803F35042
:10847000AD27F450AE23000EAF23B50EAA03F35080
:10848000AE27F450AF23050EA903F350AE27F450E6
:10849000AF23000EA803F350AE27F450AF23B50E60
:1084A000AB03F350AF27050EAA03F350AF27000E1E
:1084B000A903F350AF27000EA803F350AF27AC5128
:1084C0000601295F0501AD5106012A5B0501AE5188
:1084D00006012B5B0501AF5106012C5B29C68AF50D
:1084E0002AC68BF52BC68CF52CC68DF56D0E0501B5
:1084F0008E6F010E8F6F906B916BC6ECF4F08AC596
:1085000017F68BC518F68CC519F68DC51AF6040E2C
:1085100006011719181119111A1105E1FF0E170795
:10852000182319231A2317C6A8F518C6A9F519C6C2
:10853000AAF51AC6ABF56D0E0501A803F3C4ACF598
:10854000F4C4ADF5AE6BAF6BA903F350AD27F45097
:10855000AE23000EAF23010EA803F350AD27F45055
:10856000AE23000EAF236D0EAA03F350AE27F450D6
:10857000AF23010EA903F350AE27F450AF23000E32
:10858000A803F350AE27F450AF236D0EAB03F350A6
:10859000AF27010EAA03F350AF27000EA903F35033
:1085A000AF27000EA803F350AF27AC510601295F97
:1085B0000501AD5106012A5B0501AE5106012B5B99
:1085C0000501AF5106012C5B086B175118111911E9
:1085D0001A110CE11F5120112111221105E11B512B
:1085E0001C111D111E1102E1010E086F08C60DF6C7
:1085F0000E6B29510D250501A86F06012A510E2188
:108600000501A96F3B0EA82506010B6F000E0501A1
:10861000A92106010C6F6D0E0D250501A86F010E35
:1086200006010E210501A96FA85106010B5D0C5131
:10863000800A0501AA6FA951800AAA5911E36D0E9B
:1086400006010D250501A86F010E06010E21050189
:10865000A96FA85106010B5F0501A95106010C5B2A
:108660001FC6A8F520C6A9F521C6AAF522C6ABF5F6
:108670000501D890A837A937AA37AB37D890A837C3
:10868000A937AA37AB371BC6ACF51CC6ADF51DC65E
:10869000AEF51EC6AFF5640EAC03F3C4B0F5F4C47A
:1086A000B1F5B26BB36BAD03F350B127F450B22305
:1086B000000EB323AC03F350B127F450B223000EE5
:1086C000B323640EAE03F350B227F450B323000E6D
:1086D000AD03F350B227F450B323000EAC03F350B4
:1086E000B227F450B323640EAF03F350B327000E48
:1086F000AE03F350B327000EAD03F350B327000EC3
:10870000AC03F350B32704C6B4F505C6B5F506C6E9
:10871000B6F507C6B7F5900EB403F3C4B8F5F4C4C4
:10872000B9F5BA6BBB6BB503F350B927F450BA2354
:10873000000EBB23010EB403F350B927F450BA2343
:10874000000EBB23900EB603F350BA27F450BB23A0
:10875000010EB503F350BA27F450BB23000EB40347
:10876000F350BA27F450BB23900EB703F350BB2746
:10877000010EB603F350BB27000EB503F350BB2721
:10878000000EB403F350BB27B051B825BC6FB151F4
:10879000B921BD6FB251BA21BE6FB351BB21BF6FBA
:1087A000A851BC25C06FA951BD21C16FAA51BE21DE
:1087B000C26FAB51BF21C36F060117510501C02520
:1087C0000601006F18510501C1210601016F195101
:1087D0000501C2210601026F1A510501C3210601DC
:1087E000036F276B286B24D0FF0E06012725F66E3A
:1087F000F40E2821F76EF86A000EF8220800F5C47E
:10880000A8F5A8C5A9F50501AA6BAB6BAC6BA9517E
:108810000601295F0501AA5106012A5B0501AB513A
:1088200006012B5B0501AC5106012C5B274B282B65
:10883000FF0E2725F66EF40E2821F76EF86A000E5B
:10884000F8220800F5C4A8F5A8C5A9F50501AA6B8A
:10885000AB6BAC6BA9510601295D0501AA5106015C
:108860002A590501AB5106012B592C51800A0501EB
:10887000AD6FAC51800AAD59B7E2060128BF0ED0EA
:10888000285103E10A0E275D09E3F40E2727FF0EA6
:108890002823002B000E012302230323640E00254E
:1088A0000501A86F000E060101210501A96F20EE48
:1088B0000AF0A651D926A751DA22A8C5DEF4A9C527
:1088C000DDF4020E060127250501A86F000E060142
:1088D00028210501A96F20EE08F0A651D926A7513D
:1088E000DA22A8C5DEF4A9C5DDF4010E06012925AA
:1088F0000501A86F000E06012A210501A96F20EECF
:1089000006F0A651D926A751DA22A8C5DEF4A9C5DA
:10891000DDF420EE0CF0A651D926A751DA2209C6C3
:10892000DEF40AC6DDF420EE0EF0A651D926A751DA
:10893000DA220BC6DEF40CC6DDF423C68AF524C6A3
:108940008BF525C68CF526C68DF5100E8E6F0E0E96
:108950008F6F906B916BC6ECF4F020EE04F0A65193
:10896000D926A751DA228AC5DEF48BC5DDF43C0E88
:108970008E6F8F6B906B916B23C68AF524C68BF537
:1089800025C68CF526C68DF5C6ECF4F08AC598F59B
:108990008BC599F58CC59AF58DC59BF53C0E9C6FE2
:1089A0009D6B9E6B9F6B7FECF6F020EE02F0A65164
:1089B000D926A751DA2298C5DEF499C5DDF423C67D
:1089C00098F524C699F525C69AF526C69BF53C0E62
:1089D0009C6F9D6B9E6B9F6B7FECF6F0A6C5D9F4E8
:1089E000A7C5DAF498C5DEF499C5DDF4A26BA36BD4
:1089F0001200C084030E3924E96F000E3A20EA6F9A
:108A0000E9C5D9F4EAC5DAF4DEC481F5DEC482F53D
:108A1000DEC483F5DEC484F5CDEC06F081C500F735
:108A200082C501F783C502F784C503F720EE04F081
:108A3000E951D926EA51DA22DEC481F5DEC482F595
:108A4000DEC483F5DEC484F5CDEC06F081C504F701
:108A500082C505F783C506F784C507F720EE08F041
:108A6000E951D926EA51DA22DEC481F5DEC482F565
:108A7000DEC483F5DEC484F5CDEC06F081C508F7CD
:108A800082C509F783C50AF784C50BF720EE0CF001
:108A9000E951D926EA51DA22DEC481F5DEC482F535
:108AA000DEC483F5DEC484F5CDEC06F081C50CF799
:108AB00082C50DF783C50EF784C50FF720EE10F0C1
:108AC000E951D926EA51DA22DEC481F5DEC482F505
:108AD000DEC483F5DEC484F5CDEC06F081C510F765
:108AE00082C511F783C512F784C513F720EE14F081
:108AF000E951D926EA51DA22DEC481F5DEC482F5D5
:108B0000DEC483F5DEC484F5CDEC06F081C514F730
:108B100082C515F783C516F784C517F720EE18F040
:108B2000E951D926EA51DA22DEC481F5DEC482F5A4
:108B3000DEC483F5DEC484F5CDEC06F081C518F7FC
:108B400082C519F783C51AF784C51BF720EE1CF000
:108B5000E951D926EA51DA22DEC481F5DEC482F574
:108B6000DEC483F5DEC484F5CDEC06F081C51CF7C8
:108B700082C51DF783C51EF784C51FF720EE20F0C0
:108B8000E951D926EA51DA22DEC481F5DEC482F544
:108B9000DEC483F5DEC484F5CDEC06F081C520F794
:108BA00082C521F783C522F784C523F720EE24F080
:108BB000E951D926EA51DA22DEC481F5DEC482F514
:108BC000DEC483F5DEC484F5CDEC06F081C524F760
:108BD00082C525F783C526F784C527F720EE28F040
:108BE000E951D926EA51DA22DEC481F5DEC482F5E4
:108BF000DEC483F5DEC484F5CDEC06F081C528F72C
:108C000082C529F783C52AF784C52BF720EE2CF0FF
:108C1000E951D926EA51DA22DEC481F5DEC482F5B3
:108C2000DEC483F5DEC484F5CDEC06F081C52CF7F7
:108C300082C52DF783C52EF784C52FF720EE30F0BF
:108C4000E951D926EA51DA22DEC481F5DEC482F583
:108C5000DEC483F5DEC484F5CDEC06F081C530F7C3
:108C600082C531F783C532F784C533F720EE34F07F
:108C7000E951D926EA51DA22DEC481F5DEC482F553
:108C8000DEC483F5DEC484F5CDEC06F081C534F78F
:108C900082C535F783C536F784C537F720EE38F03F
:108CA000E951D926EA51DA22DEC481F5DEC482F523
:108CB000DEC483F5DEC484F5CDEC06F081C538F75B
:108CC00082C539F783C53AF784C53BF720EE3CF0FF
:108CD000E951D926EA51DA22DEC481F5DEC482F5F3
:108CE000DEC483F5DEC484F5CDEC06F081C53CF727
:108CF00082C53DF783C53EF784C53FF720EE40F0BF
:108D0000E951D926EA51DA22DEC481F5DEC482F5C2
:108D1000DEC483F5DEC484F5CDEC06F081C540F7F2
:108D200082C541F783C542F784C543F720EE44F07E
:108D3000E951D926EA51DA22DEC481F5DEC482F592
:108D4000DEC483F5DEC484F5CDEC06F081C544F7BE
:108D500082C545F783C546F784C547F720EE50F036
:108D6000E951D926EA51DA22DEC481F5DEC482F562
:108D7000DEC483F5DEC484F5CDEC06F081C550F782
:108D800082C551F783C552F784C553F720EE54F0DE
:108D9000E951D926EA51DA22DEC481F5DEC482F532
:108DA000DEC483F5DEC484F5CDEC06F081C554F74E
:108DB00082C555F783C556F784C557F720EE58F09E
:108DC000E951D926EA51DA22DEC481F5DEC482F502
:108DD000DEC483F5DEC484F5CDEC06F081C558F71A
:108DE00082C559F783C55AF784C55BF720EE5CF05E
:108DF000E951D926EA51DA22DEC481F5DDC482F5D3
:108E0000E1EC0CF081C55CF782C55DF7050120EE51
:108E10005EF0E951D926EA51DA22DEC481F5DDC4DB
:108E200082F5E1EC0CF081C55EF782C55FF70501C4
:108E300020EE60F0E951D926EA51DA22DEC481F54C
:108E4000DDC482F5E1EC0CF081C560F782C561F705
:108E5000050120EE62F0E951D926EA51DA22DEC49A
:108E600081F5DDC482F5E1EC0CF081C562F782C5C5
:108E700063F7050120EE66F0E951D926EA51DA22BE
:108E8000DEC481F5DDC482F5E1EC0CF081C566F746
:108E900082C567F718C78AF519C78BF51AC78CF50D
:108EA0001BC78DF5010E3FECEFF08AC5B1F58BC500
:108EB000B2F58CC5B3F58DC5B4F5B56BB66B7A0E4E
:108EC000B76F440EB86F42ECE6F0B1C518FBB2C5FF
:108ED00019FBB3C51AFBB4C51BFB20EE24F0E95106
:108EE000D926EA51DA22DEC481F5DEC482F5DEC479
:108EF00083F5DEC484F5CDEC06F081C58AF582C524
:108F00008BF583C58CF584C58DF5010E3FECEFF034
:108F10008AC598F58BC599F58CC59AF58DC59BF5D5
:108F20009C6B9D6BC80E9E6F420E9F6F57ECD8F0E6
:108F300098C524FB99C525FB9AC526FB9BC527FB35
:108F400020EE28F0E951D926EA51DA22DEC481F573
:108F5000DEC482F5DEC483F5DEC484F5CDEC06F014
:108F600081C58AF582C58BF583C58CF584C58DF5E1
:108F7000010E3FECEFF08AC598F58BC599F58CC5CD
:108F80009AF58DC59BF59C6B9D6BC80E9E6F420E2E
:108F90009F6F57ECD8F098C528FB99C529FB9AC557
:108FA0002AFB9BC52BFB20EE2CF0E951D926EA5178
:108FB000DA22DEC481F5DEC482F5DEC483F5DEC4C8
:108FC00084F5CDEC06F081C58AF582C58BF583C5A5
:108FD0008CF584C58DF5010E3FECEFF08AC598F550
:108FE0008BC599F58CC59AF58DC59BF59C6B9D6BD2
:108FF000C80E9E6F420E9F6F57ECD8F098C52CFBA1
:1090000099C52DFB9AC52EFB9BC52FFBE9C5D9F44D
:10901000EAC5DAF4DEC481F5DEC482F5DEC483F588
:10902000DEC484F5CDEC06F081C58AF582C58BF5EA
:1090300083C58CF584C58DF5010E3FECEFF08AC534
:1090400038F88BC539F88CC53AF88DC53BF820EE59
:1090500004F0E951D926EA51DA22DEC481F5DEC4F2
:1090600082F5DEC483F5DEC484F5CDEC06F081C55F
:109070008AF582C58BF583C58CF584C58DF5010E07
:109080003FECEFF08AC53CF88BC53DF88CC53EF847
:109090008DC53FF820EE08F0E951D926EA51DA22D1
:1090A000DEC481F5DEC482F5DEC483F5DEC484F55A
:1090B000CDEC06F081C58AF582C58BF583C58CF5AC
:1090C00084C58DF5010E3FECEFF08AC540F88BC5E5
:1090D00041F88CC542F88DC543F830C78AF531C7D1
:1090E0008BF532C78CF533C78DF5010E3FECEFF0F1
:1090F0008AC5B1F58BC5B2F58CC5B3F58DC5B4F590
:10910000B56BB66B200EB76F410EB86F42ECE6F050
:10911000B1C504F8B2C505F8B3C506F8B4C507F87B
:1091200034C78AF535C78BF536C78CF537C78DF54B
:10913000010E3FECEFF08AC5B1F58BC5B2F58CC5D9
:10914000B3F58DC5B4F5B56BB66B200EB76F410E98
:10915000B86F42ECE6F0B1C508F8B2C509F8B3C57E
:109160000AF8B4C50BF838C78AF539C78BF53AC782
:109170008CF53BC78DF5010E3FECEFF08AC5B1F5DC
:109180008BC5B2F58CC5B3F58DC5B4F5B56BB66BB3
:10919000200EB76F410EB86F42ECE6F0B1C50CF887
:1091A000B2C50DF8B3C50EF8B4C50FF8C0941200DF
:1091B000E0CA0FF6E1CA10F6E2CA11F6E3CA12F6E7
:1091C0000A01E02B000EE123E223E3230601125102
:1091D0001111101107E1280E0F5D04E20A01C951B7
:1091E00001E112000A01E06BE16BE26BE36B060147
:1091F00020EE07F01751D9261851DA22010EDF6E42
:109200003AD320EE07F01751D9261851DA22020E70
:10921000DF6E40EC0FF05CEC0FF0060120EE01F089
:109220001751D9261851DA22010EDF6E17C6D9F46C
:1092300018C6DAF410EE02F01751E1261851E222B6
:10924000DFC4E7F417C6D9F418C6DAF4DF2A20EE33
:1092500002F01751D9261851DA22030EDE1819E14F
:1092600020EE0BF01751D9261851DA22DF5011E009
:1092700017C6D9F418C6DAF410EE02F01751E12639
:109280001851E222DFC4E7F417C6D9F418C6DAF49D
:10929000DF2A20EE02F01751D9261851DA22040EE7
:1092A000DE1819E120EE0AF01751D9261851DA22FA
:1092B000DF5011E017C6D9F418C6DAF410EE02F048
:1092C0001751E1261851E222DFC4E7F417C6D9F49A
:1092D00018C6DAF4DF2A20EE02F01751D926185109
:1092E000DA22050EDE1819E120EE0DF01751D9260D
:1092F0001851DA22DF5011E017C6D9F418C6DAF493
:1093000010EE02F01751E1261851E222DFC4E7F413
:1093100017C6D9F418C6DAF4DF2A20EE02F0175186
:10932000D9261851DA22060EDE1819E120EE10F0C7
:109330001751D9261851DA22DF5011E017C6D9F497
:1093400018C6DAF410EE02F01751E1261851E222A5
:10935000DFC4E7F417C6D9F418C6DAF4DF2A20EE22
:1093600002F01751D9261851DA22070EDE1819E13A
:1093700020EE0EF01751D9261851DA22DF5011E0F5
:1093800017C6D9F418C6DAF410EE02F01751E12628
:109390001851E222DFC4E7F417C6D9F418C6DAF48C
:1093A000DF2A17C6D9F418C6DAF4080EDF64D6D05F
:1093B00017C6D9F418C6DAF4DF6AD0D020EE07F069
:1093C0001751D9261851DA22080EDF6E000E05015A
:1093D000926F120E936F4F0E946FF80E956F976BFE
:1093E000060E966FB0EC06F0ADD020EE07F01751E8
:1093F000D9261851DA22070EDF6E000E0501926F92
:10940000120E936F3D0E946FF80E956F976B060ECC
:10941000966FB0EC06F096D020EE07F01751D926E3
:109420001851DA22130EDF6E000E0501926F120E34
:10943000936F2B0E946FF80E956F976B060E966FC9
:10944000B0EC06F07FD020EE07F01751D926185166
:10945000DA22030EDF6E000E0501926F120E936F7B
:10946000310E946FF80E956F976B060E966FB0ECF9
:1094700006F068D020EE07F01751D9261851DA22ED
:10948000040EDF6E000E0501926F120E936F370E01
:10949000946FF80E956F976B060E966FB0EC06F012
:1094A00051D020EE07F01751D9261851DA22050EB7
:1094B000DF6E000E0501926F120E936F490E946FCE
:1094C000F80E956F976B060E966FB0EC06F03AD0DB
:1094D00020EE07F01751D9261851DA22050EDF6E5B
:1094E000000E0501926F120E936F430E946FF80EEB
:1094F000956F976B060E966FB0EC06F023D020EEBA
:1095000001F01751D9261851DA22DF6A17C6D9F4AB
:1095100018C6DAF4DF6AC6D120EE07F01751D92653
:109520001851DA22060EDF6E000E0501926F120E40
:10953000936F550E946FF80E956F976B060E966F9E
:10954000B0EC06F0060120EE03F01751D9261851B1
:10955000DA2292C5DEF493C5DDF4A4D120EE02F048
:109560001751D9261851DA22DF500F6F106B1051A6
:10957000DBE10F51D1E0010A94E0030AA9E0010AFE
:1095800001E178D7070A01E15ED7010A01E144D77A
:10959000030A01E113D7010A01E127D70F0AAFE05F
:1095A000C3D720EE07F01751D9261851DA22090E39
:1095B000DF6E000E74EC06F084518311821104E119
:1095C000280E815D01E26ED10A01B96BBA6BBB6BEB
:1095D000BC6B060120EE01F01751D9261851DA2292
:1095E000020EDF6E3AEC0FF0060120EE07F0175185
:1095F000D9261851DA220A0EDF6E54D120EE07F078
:109600001751D9261851DA220B0EDF6E000E56ECD8
:1096100006F0815182118311841101E143D1DE6B87
:109620000CD0000E0501DE25D96EDA6A120EDA22A0
:10963000DF5052EC0AF00501DE2B060120EE03F0AC
:109640001751D9261851DA220501DE510601116F92
:10965000126BDE50115DDE501259E3E320EE01F093
:109660001751D9261851DA22030EDF6E3AEC0FF0AB
:10967000060120EE07F01751D9261851DA220C0EF8
:10968000DF6E0A01C52B000EC623C723C823C96B92
:10969000CCEC0FF0000901E105D13AEC0FF002D15A
:1096A00020EE07F01751D9261851DA220D0EDF6E81
:1096B000000E56EC06F0815182118311841101E1F4
:1096C000F1D0060120EE07F01751D9261851DA2201
:1096D0000E0EDF6EB0D017C692F518C693F50D0EBC
:1096E00017250501946F000E060118210501956FDD
:1096F000976B080E966F23ECECF0D4D017C692F55A
:1097000018C693F50A0E17250501946F000E060181
:1097100018210501956F976B080E966F23ECECF0FE
:10972000C1D017C692F518C693F50B0E1725050183
:10973000946F000E060118210501956F976B080EB6
:10974000966F23ECECF0AED017C6CAF518C6CBF571
:109750000C0E17250501CC6F000E0601182105011E
:10976000CD6FCF6B6D0ECE6FF20ED06F890ED16FB5
:10977000010ED26F25ECE8F095D017C6CAF518C6D1
:10978000CBF50C0E17250501CC6F000E0601182134
:109790000501CD6FCF6B850ECE6F6E0ED06FF30EC1
:1097A000D16F010ED26F25ECE8F07CD017C6CAF558
:1097B00018C6CBF5100E17250501CC6F000E06015B
:1097C00018210501CD6FCF6B070ECE6F7E0ED06FC7
:1097D0000E0ED16F000ED26F25ECE8F063D017C6E5
:1097E000CAF518C6CBF50E0E17250501CC6F000E75
:1097F000060118210501CD6FCF6B150ECE6F700ECF
:10980000D06F0C0ED16F000ED26F25ECE8F04AD06D
:1098100017C692F518C693F5090E17250501946F22
:10982000000E060118210501956F976B070E966FC4
:10983000AAECD9F037D020EE02F01751D9261851F2
:10984000DA22DF500F6F106B1051E2E10F51E0E0B0
:10985000010A01E179D7030A90E0010A01E161D729
:10986000070A01E14BD7010A01E135D7030A9EE05F
:10987000010AB5E0CDD720EE01F01751D9261851D5
:10988000DA22DF500F6F106B10510CE10F5101E124
:10989000B8D4010A01E185D6030A01E1AFD6010A75
:1098A00001E1FED6060120EE07F01751D926185126
:1098B000DA2212001E6AC084BF8603012E2902E14B
:1098C0002E6B308F0C01382B000E39233A233B23AB
:1098D000000197A505D009012C2B2D232E232F2322
:1098E0008DC0F6F5000E0A016525D96EDA6A0A0EFA
:1098F000DA22F6C5DFF471515BE0070E651956E117
:109900000901B26B02CA13F5070E1316040E136099
:1099100038D00501F85141E1020E0A01011909E1AF
:10992000666B100E6625D96EDA6A0A0EDA22DF6AD5
:1099300034D0100E6625D96EDA6A0A0EDA2201CA10
:10994000DFF4662B0251030B676F130E666525D09B
:10995000100E6625D96EDA6A0A0EDA22DF6A666BA5
:10996000010E0501F86F19D0666B100E6625D96ED1
:10997000DA6A0A0EDA22DF6A010E0701976FA06F1A
:10998000EFD70A010151020AEFE0130AEDE0030AE2
:10999000EBE0010AE9E0070AE7E00A01716B656B99
:1099A0000901302B000E3123322333230501F66BDE
:1099B0000A016C513FE0070E65193AE101CA13F53F
:1099C000146A156A166A61004EF444FE610052F48E
:1099D00045FE610056F446FE61005AF447FE02510E
:1099E000136E146A13C514F5136A13C515F514C55F
:1099F00016F5000E16BEFF0E176E186E196A165079
:109A00001A6E1B6A1C6A2BEE44F21950DE261A509D
:109A1000DE221B50DE221C50DE220501F66B0A01FD
:109A20006C6B656B0901302B000E3123322333231D
:109A30000501F66B0A016E5116E0070E651911E17A
:109A40000151136E146A61004EF473FE610052F40A
:109A500074FE6E6B656B0901302B000E31233223CF
:109A600033230501F66B0A01725146E0070E6519B2
:109A70002BE102CA13F5070E1316040E136003D070
:109A800000018E6B17D0570E1E6E070197050AE175
:109A9000C20EA725D96E280EA821DA6EDF501E6EE1
:109AA000A74BA82B1EC58EF00901082B000E092319
:109AB0000A230B230A01726B656B0901302B000E20
:109AC00031233223332316D002CA13F5070E13169F
:109AD000040E136004D065050BE11E6A09D0C20EA6
:109AE0000701A725D96E280EA821DA6EDF501E6E59
:109AF0001EC58EF00501F66B0A016D511DE0070EC3
:109B000065190DE1B1C71EF51EC58EF06D6B656B55
:109B10000901302B000E3123322333230BD065058E
:109B200005E10701B35101091E6E02D0B2C71EF54F
:109B30001EC58EF00501F66B0A016F5130E0070E6D
:109B400065190BE154C98EF06F6B656B0901302B01
:109B5000000E31233223332320D065050BE10501AC
:109B6000F551020D000EF324D96E0E0EF420DA6EBC
:109B7000DF5011D00501F551020D000EF324D96E0E
:109B80000E0EF420DA6EDEC413F5DDC414F514C530
:109B900013F5146A135000018E6F0501F66B0A016C
:109BA000705101E1E9D0070E651901E0D5D0570EDB
:109BB00000018E6F0A01706B656B0901302B000E7E
:109BC000312332233323D6D0ADC7D9F4AEC7DAF46C
:109BD00004D0070120EE01F00BD0DF5000018E6FA2
:109BE000C9D0070120EE02F003D0070120EE03F0F8
:109BF000AD51D926AE5116D0570EF0D70A01655196
:109C0000010AE2E0030AE5E0010AEBE0070AEDE001
:109C1000F3D7ABC7D9F4ACC7DAF4DFD7070120EE2E
:109C200001F009D0DA22D9D7070120EE02F003D0E3
:109C3000070120EE03F0AB51D926AC51F3D70A014E
:109C40006551010AE6E0030AE9E0010AEDE0070ACE
:109C5000EFE0D2D75BC98EF08DD05BC913F55CC93C
:109C600014F55DC915F55EC916F55FC917F560C92C
:109C700018F561C919F562C91AF514C513F515C5AA
:109C800014F516C515F517C516F518C517F519C538
:109C900018F51AC519F51A6A3BD05BC913F55CC9EA
:109CA00014F55DC915F55EC916F55FC917F560C9EC
:109CB00018F561C919F562C91AF5110E09D0D890C5
:109CC0001A32193218321732163215321432133250
:109CD000E82EF5D71DD05BC913F55CC914F55DC935
:109CE00015F55EC916F55FC917F560C918F561C9A4
:109CF00019F562C91AF5190E09D0D8901A3219321D
:109D0000183217321632153214321332E82EF5D7C4
:109D1000135064D70A016551010A9CE0030A9DE0D3
:109D2000010ABBE0070AD7E067D7570E00018E6F24
:109D300005D00701D891D893D8851CD00A01655168
:109D4000080AF7E017D054C98EF014D00A01655103
:109D5000010A01E151D7F7D70501F551F7E0040AEF
:109D600001E14CD7010A01E16AD7090ADEE0010AE4
:109D7000D1E0ECD70501F66B0A01652B090E65658C
:109D800007D0656B0901342B000E352336233723AA
:109D90000A016E510CE16D510AE16C5108E16E51FE
:109DA00006E1705104E1725102E1715103E066EC89
:109DB0000FF0AFD00501F651F00B1D6E97D0010EDC
:109DC0000A01656F6E6FF3D7F6510F0BF56F050E35
:109DD000F56539D022D0160E0DD0170E0BD01D0E02
:109DE00009D03B0E07D03C0E05D03D0E03D03E0EF1
:109DF00001D03F0EF56F27D00E0EF56FFF0023D078
:109E00000001849FBF820A01656B3EEC0EF0BF9299
:109E10000001848F0501F56B16D0F551060ADBE0D1
:109E2000010ADBE00F0ADBE0010ADBE0030ADBE00A
:109E3000010ADBE0070ADBE0010ADBE0030ADCE001
:109E4000010ADEE0E7D7010E0A01656F6F6FAFD739
:109E5000010E0A01656F6D6FAAD7010E0A01656FC9
:109E60006C6FA5D7F6510F0BF56F010E0A01656FE8
:109E7000726F9DD7F6510F0BF56F010E0A01656FDA
:109E8000716F95D7010E0A01656F706F0501F6516C
:109E90000F0BF56FC30E0701AD6F070EAE6FCB0E44
:109EA000AB6F070EAC6F070E0501F51980E10A01D3
:109EB0006F5101E07CD76E5101E079D76C5101E020
:109EC00076D76D5101E073D7715101E070D77251AF
:109ED00001E06DD7BF823EEC0EF0C19EBF9267D706
:109EE0008D51000194A7FCD7949761D71D50F9E0DC
:109EF000100AB8E0500AC6E0C00A01E165D7100AAE
:109F000001E15DD7300AA9E0100AB4E0400AA0E000
:109F1000E8D70301309FBF96C0941200D8CA19F643
:109F2000D9CA1AF6DACA1BF6DBCA1CF60A01D82B04
:109F3000000ED923DA23DB2306011C511B110FE18C
:109F4000880E195D130E1A590AE220EE01F017511E
:109F5000D9261851DA22030EDE1801E012000A0198
:109F6000D86BD96BDA6BDB6B060120EE07F017516B
:109F7000D9261851DA22010EDF6EB9D120EE07F092
:109F80001751D9261851DA22020EDF6E40EC0FF07D
:109F90005CEC0FF0060120EE01F01751D9261851A4
:109FA000DA22010EDF6E17C6D9F418C6DAF410EE05
:109FB00002F01751E1261851E222DFC4E7F417C678
:109FC000D9F418C6DAF4DF2A20EE02F01751D926A8
:109FD0001851DA22DE0419E120EE0BF01751D926D0
:109FE0001851DA22DF5011E017C6D9F418C6DAF496
:109FF00010EE02F01751E1261851E222DFC4E7F417
:10A0000017C6D9F418C6DAF4DF2A17C6D9F418C669
:10A01000DAF4020EDF645BD017C6D9F418C6DAF49E
:10A02000DF6A55D020EE07F01751D9261851DA22F1
:10A03000050EDF6E000E0501926F170E936F190E5D
:10A04000946FF80E956F976B060E966FB0EC06F056
:10A0500032D020EE07F01751D9261851DA22040E1B
:10A06000DF6E000E0501926F170E936F0E0E946F48
:10A07000F80E956F976B0B0E966FB0EC06F01BD039
:10A0800020EE01F01751D9261851DA22DF6A17C6DF
:10A09000D9F418C6DAF4DF6A41D1000E0501926FD7
:10A0A000170E936F190E946FF80E956F976B060E3F
:10A0B000966FB0EC06F0060120EE03F01751D9269A
:10A0C0001851DA2292C5DEF493C5DDF427D120EED3
:10A0D00002F01751D9261851DA22DF50196F1A6B86
:10A0E0001A51DBE119519EE0010AB3E0030AC8E00E
:10A0F000D4D720EE07F01751D9261851DA22090ECD
:10A10000DF6E000E74EC06F084518311821104E1BD
:10A11000280E815D01E202D10A017F6B806B816BA9
:10A12000826B060120EE01F01751D9261851DA2270
:10A13000020EDF6E3AEC0FF0060120EE07F0175129
:10A14000D9261851DA220A0EDF6EE8D020EE07F089
:10A150001751D9261851DA220B0EDF6E000E56EC7D
:10A1600006F084518311821104E1020E815D01E247
:10A17000D5D0DE6B0CD0000E0501DE25D96EDA6A73
:10A18000170EDA22DF5052EC0AF00501DE2B060131
:10A1900020EE03F01751D9261851DA220501DE51BD
:10A1A00006011B6F1C6BDE501B5DDE501C59E3E388
:10A1B00020EE01F01751D9261851DA22030EDF6E76
:10A1C0003AEC0FF0060120EE07F01751D92618518E
:10A1D000DA220C0EDF6E0A018B2B000E8C238D23EE
:10A1E0008E23CCEC0FF0000901E198D03AEC0FF08F
:10A1F00095D020EE07F01751D9261851DA220D0E0E
:10A20000DF6E000E56EC06F084518311821104E1DA
:10A21000020E815D01E282D0060120EE07F01751A7
:10A22000D9261851DA220E0EDF6E83EC0FF00009EA
:10A230004DE02BEE50F2DE2A000EDE22DE22DE2280
:10A2400077EC07F03F6E0A017F513524D96E8051BB
:10A250003620DA6E3FC5DFF47F2B000E802381238A
:10A26000822382518111801103E1FA0E7F5D2EE37A
:10A270007F6B806B816B826B29D017C604F618C682
:10A2800005F60C0E1725066F000E1821076F096BD7
:10A29000850E086F360E0A6F710E0B6F010E0C6F74
:10A2A000E9ECDFF03BD017C692F518C693F50B0E1C
:10A2B00017250501946F000E060118210501956F01
:10A2C000976B080E966FE5ECE9F028D0060120EEBA
:10A2D00002F01751D9261851DA22DF50196F1A6B84
:10A2E0001A511CE11951C9E0010ADDE017D020EE36
:10A2F00001F01751D9261851DA22DF50196F1A6B65
:10A300001A510CE1195101E139D6010A01E1F1D6E6
:10A31000030A01E11BD7010A01E16BD7060120EE18
:10A3200007F01751D9261851DA221200DCCA0FF6AD
:10A33000DDCA10F6DECA11F6DFCA12F60A01DC2BFE
:10A34000000EDD23DE23DF230601125111110FE180
:10A35000880E0F5D130E10590AE220EE01F017511E
:10A36000D9261851DA22030EDE1801E012000A0184
:10A37000DC6BDD6BDE6BDF6B060120EE07F0175147
:10A38000D9261851DA22010EDF6EA4D120EE07F093
:10A390001751D9261851DA22020EDF6E40EC0FF069
:10A3A0005CEC0FF0060120EE01F01751D926185190
:10A3B000DA22010EDF6E17C6D9F418C6DAF410EEF1
:10A3C00002F01751E1261851E222DFC4E7F417C664
:10A3D000D9F418C6DAF4DF2A17C6D9F418C6DAF4A5
:10A3E000020EDF645BD017C6D9F418C6DAF4DF6A50
:10A3F00055D020EE07F01751D9261851DA22050E54
:10A40000DF6E000E0501926F160E936F250E946F8E
:10A41000F80E956F976B060E966FB0EC06F032D083
:10A4200020EE07F01751D9261851DA22060EDF6EFA
:10A43000000E0501926F160E936F1F0E946FF80EAB
:10A44000956F976B060E966FB0EC06F01BD020EE62
:10A4500001F01751D9261851DA22DF6A17C6D9F44C
:10A4600018C6DAF4DF6A4DD1000E0501926F160EA0
:10A47000936F250E946FF80E956F976B060E966F7F
:10A48000B0EC06F0060120EE03F01751D926185162
:10A49000DA2292C5DEF493C5DDF433D120EE02F06A
:10A4A0001751D9261851DA22DF500F6F106B105157
:10A4B000DBE10F519EE0010AB3E0030AC8E0D4D704
:10A4C00020EE07F01751D9261851DA22090EDF6E57
:10A4D000000E74EC06F084518311821104E1280E01
:10A4E000815D01E20ED10A019C6B9D6B9E6B9F6B9F
:10A4F000060120EE01F01751D9261851DA22020E7A
:10A50000DF6E3AEC0FF0060120EE07F01751D92666
:10A510001851DA220A0EDF6EF4D020EE07F0175140
:10A52000D9261851DA220B0EDF6E000E56EC06F01B
:10A5300084518311821104E1020E815D01E2E1D0B8
:10A54000DE6B0CD0000E0501DE25D96EDA6A160E20
:10A55000DA22DF5052EC0AF00501DE2B060120EE74
:10A5600003F01751D9261851DA220501DE510601F0
:10A57000116F126BDE50115DDE501259E3E320EED5
:10A5800001F01751D9261851DA22030EDF6E3AEC8A
:10A590000FF0060120EE07F01751D9261851DA22E4
:10A5A0000C0EDF6E0A01A82B000EA923AA23AB23F1
:10A5B000CCEC0FF0000901E1A4D03AEC0FF0A1D0EF
:10A5C00020EE07F01751D9261851DA220D0EDF6E52
:10A5D000000E56EC06F084518311821104E1020E44
:10A5E000815D01E28ED0060120EE07F01751D926D9
:10A5F0001851DA220E0EDF6E83EC0FF0000959E0DD
:10A600002BEE50F2DE2A000EDE22DE22DE2277EC76
:10A6100007F0406E0A019C510501E725D96E0A0139
:10A620009D510501E821DA6E40C5DFF40A019C2B3B
:10A63000000E9D239E239F239F519E119D1103E198
:10A64000FA0E9C5D36E39C6B9D6B9E6B9F6B31D0CD
:10A6500017C600F618C601F60C0E1725026F000E7D
:10A660001821036F056B990E046F5A0E066F610E69
:10A67000076F010E086F48ECE5F043D017C6CAF526
:10A6800018C6CBF5090E17250501CC6F000E060183
:10A6900018210501CD6FCF6B210ECE6FE40ED06F68
:10A6A000B50ED16F010ED26F030ED36F3DECE2F009
:10A6B00028D0060120EE02F01751D9261851DA22CF
:10A6C000DF500F6F106B10511CE10F51C1E0010AF8
:10A6D000D5E017D020EE01F01751D9261851DA2213
:10A6E000DF500F6F106B10510CE10F5101E14ED68E
:10A6F000010A01E1E5D6030A01E10FD7010A01E1F0
:10A700005FD7060120EE07F01751D9261851DA223B
:10A710001200000000000000000000000000000027
:10A720000000000000000000000000000000000029
:10A730000000000000000000000000000000000019
:10A740000000000000000000000000000000000009
:10A7500000000000000000000000000000000000F9
:10A7600000000000000000000000000000000000E9
:10A7700000000000000000000000000000000000D9
:10A7800000000000000000000000000000000000C9
:10A7900000000000000000000000000000000000B9
:10A7A00000000000000000000000000000000000A9
:10A7B0000000000000000000000000000000000099
:10A7C0000000000000000000000000000000000089
:10A7D0000000000000000000000000000000000079
:10A7E0000000000000000000000000000000000069
:10A7F0000000000000000000000000000000000059
:10A800000000000000000000000000000000000048
:10A810000000000000000000000000000000000038
:10A820000000000000000000000000000000000028
:10A830000000000000000000000000000000000018
:10A840000000000000000000000000000000000008
:10A8500000000000000000000000000000000000F8
:10A8600000000000000000000000000000000000E8
:10A8700000000000000000000000000000000000D8
:10A8800000000000000000000000000000000000C8
:10A890000000000000000000000000007E62FB6479
:10A8A00000000000000000000000000000000000A8
:10A8B0000000000000000000000000000000000098
:10A8C0000000000000000000000000000000000088
:10A8D0000000000000000000000000000000000078
:10A8E0000000000000000000000000000000000068
:10A8F0000000000000000100020000000000000154
:10A900000000000000000100000000000000000046
:10A91000004F4F0000000000000000000000000099
:10A92000000000701700CC1A00B09101434D443A6A
:10A93000204D2C20432020202020202020202020BB
:10A940000000000000000000000000004D6573736F
:10A950006167652C20436C6F7365202020202020C8
:10A960000000000000000000000000005465787442
:10A97000204D65737361676520746F20486F737431
:10A98000000000000000000000000000434D443AB9
:10A9900020522C20502C204F20202020202020200E
:10A9A000000000000000000000000000526561642B
:10A9B000792C2050756D702C204F70656E202020F2
:10A9C0000000000000000000000000004C6F616407
:10A9D000204C6F636B20636F6D6D616E647320201C
:10A9E000000000000000000000000000434D443A59
:10A9F000204C2C20532C20442020202020202020BC
:10AA00000000000000000000000000004C6F672CF8
:10AA10002053657175656E63652C204465627567AA
:10AA200000000000000000000000000020202020A6
:10AA30002020202020202020202020202020202016
:10AA4000000000000000000000000000434D443AF8
:10AA500020452C20482C204620202020202020206B
:10AA60000000000000000000000000004572726F4E
:10AA700072732C2048656C702C204672656520200E
:10AA8000000000000000000000000000453A2054D3
:10AA90006573742020463A20537065656420202039
:10AAA000000000000000000000000000A70E0501EB
:10AAB0008C6FF80E8D6F040E8E6FFEECFCF0A70EFF
:10AAC0008C6FF80E8D6F040E8E6FFEECFCF06EC76F
:10AAD000D9F46FC7DAF4DFAA22D0A30E8C6FF80E78
:10AAE0008D6F040E8E6FFEECFCF0876B0A0E866F86
:10AAF000FAECFEF00B018E698F699069916909018A
:10AB00006B2B000E6C236D236E236EC7D9F46FC7B9
:10AB1000DAF4DF500B019A6F9B6B9C6B9D6BCB0E35
:10AB200005018C6FF80E8D6F040E8E6FFEECFCF03D
:10AB30006EC7D9F46FC7DAF4DFAA15D009016B2B01
:10AB4000000E6C236D236E23FE0E0B018E6F8F693A
:10AB5000906991696EC7D9F46FC7DAF4DF509A6FC4
:10AB60009B6B9C6B9D6BC70E05018C6FF80E8D6FF8
:10AB7000040E8E6FFEECFCF06EC7D9F46FC7DAF4EA
:10AB8000DFAA15D009016B2B000E6C236D236E23F9
:10AB9000FD0E0B018E6F8F69906991696EC7D9F4B4
:10ABA0006FC7DAF4DF509A6F9B6B9C6B9D6BC30E83
:10ABB00005018C6FF80E8D6F040E8E6FFEECFCF0AD
:10ABC0006EC7D9F46FC7DAF4DFAA15D009016B2B71
:10ABD000000E6C236D236E23FC0E0B018E6F8F69AC
:10ABE000906991696EC7D9F46FC7DAF4DF509A6F34
:10ABF0009B6B9C6B9D6BBF0E05018C6FF80E8D6F70
:10AC0000040E8E6FFEECFCF06EC7D9F46FC7DAF459
:10AC1000DFAA15D009016B2B000E6C236D236E2368
:10AC2000FB0E0B018E6F8F69906991696EC7D9F425
:10AC30006FC7DAF4DF509A6F9B6B9C6B9D6BB70EFE
:10AC400005018C6FF80E8D6F040E8E6FFEECFCF01C
:10AC50006EC7D9F46FC7DAF4DFAA15D009016B2BE0
:10AC6000000E6C236D236E23FA0E0B018E6F8F691D
:10AC7000906991696EC7D9F46FC7DAF4DF509A6FA3
:10AC80009B6B9C6B9D6BB30E05018C6FF80E8D6FEB
:10AC9000040E8E6FFEECFCF06EC7D9F46FC7DAF4C9
:10ACA000DFAA15D009016B2B000E6C236D236E23D8
:10ACB000F90E0B018E6F8F69906991696EC7D9F497
:10ACC0006FC7DAF4DF509A6F9B6B9C6B9D6BBB0E6A
:10ACD00005018C6FF80E8D6F040E8E6FFEECFCF08C
:10ACE000876B020E866FFAECFEF06EC7D9F46FC761
:10ACF000DAF4DFAC16D0F40E0B018E6F8F69906919
:10AD0000916909016B2B000E6C236D236E236EC7B6
:10AD1000D9F46FC7DAF4DF500B019A6F9B6B9C6B11
:10AD20009D6BAB0E0501916FF80E926F946B936B58
:10AD300038ECE7F0D890943393339233913391C544
:10AD40009EFB92C59FFB93C5A0FB94C5A1FB6EC75C
:10AD5000D9F46FC7DAF4DFAC16D0F30E0B018E6FA7
:10AD60008F699069916909016B2B000E6C236D232B
:10AD70006E236EC7D9F46FC7DAF4DF500B019A6FF8
:10AD80009B6B9C6B9D6B480E0501816F1C0E826F47
:10AD9000000E836FE0EC0EF009016E516D116C1125
:10ADA00003E1020E6B5D03E3456ABF8202D0010E30
:10ADB000456E455012000D0164510501DB6FDA6BE1
:10ADC0000D0166510501DA25956F0D0167510501E9
:10ADD000DB21966F9DEC04F0F1C8EDF5F2C8EEF5BD
:10ADE000EFC8EFF5F0C8F0F50D0168510501DB6F14
:10ADF000DA6B0D016A510501DA25956F0D016B5172
:10AE00000501DB21966F9DEC04F0F1C8EBF5F2C86B
:10AE1000ECF5EFC884F7F0C885F752CDDAF50F0EE0
:10AE2000DA17090EDA6511D00D01544B552B0F0EB0
:10AE300052150501DA6FDB6BF60EDA250D01526F44
:10AE4000FF0E0501DB210D01536F0901A45101E142
:10AE50000BD156CDFDF557CDFEF554CDAFF755CD01
:10AE6000B0F752CDFBF553CDFCF5AB5101E1FCD071
:10AE7000AB6BEDC58AF5EEC58BF505018C6B8D6B63
:10AE8000000E3FECEFF08AC5CAF58BC5CBF58CC53B
:10AE9000CCF58DC5CDF5CD0EB56FCC0EB66FB76FB9
:10AEA0003D0EB86FEFC58AF5F0C58BF58C6B8D6BD9
:10AEB000000E3FECEFF08AC5B1F58BC5B2F58CC53D
:10AEC000B3F58DC5B4F542ECE6F0B1C5CEF5B2C52B
:10AED000CFF5B3C5D0F5B4C5D1F571ECDDF0CAC579
:10AEE000BFF9CBC5C0F9CCC5C1F9CDC5C2F9B16BAD
:10AEF000B26B880EB36F410EB46FBFC9B5F5C0C950
:10AF0000B6F5C1C9B7F5C2C9B8F525ECF9F007E245
:10AF10000B01F86BF96B800EFA6F3F0EFB6FBFC928
:10AF200098F5C0C999F5C1C99AF5C2C99BF5F8CB86
:10AF30009CF5F9CB9DF5FACB9EF5FBCB9FF557EC35
:10AF4000D8F098C5BDF599C5BEF59AC5BFF59BC5A6
:10AF5000C0F504ECF2F0BDC5BBF9BEC5BCF9BFC578
:10AF6000BDF9C0C5BEF9E4CB9CF5E5CB9DF5E6CBBC
:10AF70009EF5E7CB9FF5BBC998F5BCC999F5BDC94E
:10AF80009AF5BEC99BF557ECD8F098C5CAF599C596
:10AF9000CBF59AC5CCF59BC5CDF569ECF7F0CAC5E4
:10AFA000A2F9CBC5A3F9B16BB26B200EB36F410E02
:10AFB000B46FBFC9B5F5C0C9B6F5C1C9B7F5C2C947
:10AFC000B8F525ECF9F021E2E4CB9CF5E5CB9DF555
:10AFD000E6CB9EF5E7CB9FF5BBC998F5BCC999F5C3
:10AFE000BDC99AF5BEC99BF557ECD8F098C5CAF50E
:10AFF00099C5CBF59AC5CCF59BC5CDF569ECF7F0B5
:10B00000CAC5A2F9CBC5A3F904D00901A36B010EEF
:10B01000A26FE4CBB1F5E5CBB2F5E6CBB3F5E7CB68
:10B02000B4F5A2C98AF5A3C98BF505018C6B8D6BAC
:10B03000000E3FECEFF08AC5B5F58BC5B6F58CC5B3
:10B04000B7F58DC5B8F525ECF9F00EE2E4CBCAF5FD
:10B05000E5CBCBF5E6CBCCF5E7CBCDF569ECF7F05E
:10B06000CAC5A2F9CBC5A3F9090187511CE0876BBA
:10B07000A45102E1AD5117E0BF92B3C908F6B4C9BB
:10B0800009F6B5C90AF6B6C90BF6040E06010C6F2F
:10B090000D6B1BECEEF008C6B3F909C6B4F90AC68D
:10B0A000B5F90BC6B6F9060E07019D6F060C050132
:10B0B0009B51800BA46F9B519B25A66F9ABFA681C5
:10B0C000A65108E0A62904E1986B996B9A6B9B6BDB
:10B0D0009A8F04D0986B996B9A6B9B6B9F51800BE6
:10B0E000A41B9F519F25A56F9EBFA581A55108E078
:10B0F000A52904E19C6B9D6B9E6B9F6B9E8F04D07A
:10B100009C6B9D6B9E6B9F6BA55102E0A65105E168
:10B11000986B996B9A6B9B6B12009E519803F3C4CA
:10B12000AFF5F4C4B0F5AF51A76FA86BA96BAA6BCC
:10B13000B051AB6FAC6BAD6BAE6B9D519903F3C46B
:10B14000AFF5F4C4B0F5AF51A727000EA823A9238B
:10B15000AA23B051AB27000EAC23AD23AE239C51E4
:10B160009A03F3C4AFF5F4C4B0F5AF51A727000EAE
:10B17000A823A923AA23B051AB27000EAC23AD23EB
:10B18000AE23A9C5AAF5A8C5A9F5A7C5A8F5A76BBB
:10B190009C519903F3C4AFF5F4C4B0F5AF51A727A0
:10B1A000B051A823000EA923AA239D519803F3C4EC
:10B1B000AFF5F4C4B0F5AF51A727B051A823000EE6
:10B1C000A923AA23A9C5AAF5A8C5A9F5A7C5A8F5C5
:10B1D000A76B9C519803F3C4AFF5F4C4B0F5AF511D
:10B1E000A727B051A823000EA923AA239E51990393
:10B1F000F3C4AFF5F4C4B0F5AF51AB27B051AC23F5
:10B20000000EAD23AE239D519A03F3C4AFF5F4C4F1
:10B21000B0F5AF51AB27B051AC23000EAD23AE2338
:10B220009E519A03F3C4AFF5F4C4B0F5AF51A06FCB
:10B23000B051A16FA26BA36BA2C5A3F5A1C5A2F5E6
:10B24000A0C5A1F5A06BA051AB27A151AC23A25181
:10B25000AD23A351AE23AA51AB27000EAC23AD23DF
:10B26000AE23A9C5AAF5A8C5A9F5A7C5A8F5A76BDA
:10B27000A551A6C5A0F5A16BA027000EA123820EA3
:10B28000A025AF6FFF0EA121B06F0FD0D890AB37C4
:10B29000AC37AD37AE37AABFAB81D890A737A83748
:10B2A000A937AA37AF07D8A0B007ADAFEFD7A56BC6
:10B2B000AAAF13D0A751A06FA851A16FA951A26F37
:10B2C0007F0EAA15A36FA051A111A211A31103E033
:10B2D000010EA56F02D0ABB1FBD7A5510EE0AB2B91
:10B2E000000EAC23AD23AE23AEA107D0AE35AE33F6
:10B2F000AD33AC33AB33AF4BB02BB0BF0AD0B05192
:10B3000002E1AF2906E3AB6BAC6B800EAD6F7F0E35
:10B3100015D0B0BF04D0B05108E1AF0506E2AB6B69
:10B32000AC6BAD6BAE6BA46B0AD0AFC5A6F57F0E50
:10B33000AD17AE6BA6B1AD8FD890A631AE6FA4514C
:10B34000AE13ABC598F5ACC599F5ADC59AF5AEC5CC
:10B350009BF5120020EE03F09251D9269351DA2288
:10B3600096C5DEF497C5DDF420EE03F09251D926A0
:10B370009351DA22DEC498F5DDC499F598519A6F9D
:10B3800099519B6F9C6B9D6B9A510A01B95D0501A8
:10B390009B510A01BA5905019C510A01BB5905018B
:10B3A0009D510A01BC5901E2C6D039C5D9F43AC54C
:10B3B000DAF4DE0401E0BFD020EE01F03950D926E6
:10B3C0003A50DA22030EDE1801E0B5D039C581F516
:10B3D0003AC582F5050120EE03F09251D92693512A
:10B3E000DA22DEC498F5DDC499F5FE0E9825836F48
:10B3F000FF0E9921846F8CECFEF081C59EF582C50D
:10B400009FF592C581F593C582F539C583F53AC597
:10B4100084F5A9ECFDF081C5A0F582C5A1F5A05188
:10B420009E192DE1A1519F192AE120EE03F0395018
:10B43000D9263A50DA22060EDE1821E120EE04F079
:10B440003950D9263A50DA22E00EDE1818E1BF92C0
:10B4500020EE09F09251D9269351DA22010EDF6EC7
:10B4600020EE3FF09251D9269351DA22DE6ADD6A4E
:10B4700094C5D9F495C5DAF4010EDF6E53D0BF82BE
:10B4800094C5D9F495C5DAF4DF6A20EE3FF0925105
:10B49000D9269351DA22DFC498F5DE2ADFC499F564
:10B4A000000EDD22995103E1030E985D31E320EE99
:10B4B00009F09251D9269351DA22DF6A20EE0BF07F
:10B4C0009251D9269351DA22DF6A20EE0AF0925186
:10B4D000D9269351DA22DF6A20EE0CF09251D92658
:10B4E0009351DA22DF6A20EE0DF09251D926935162
:10B4F000DA22DF6A20EE10F09251D9269351DA2237
:10B50000DF6A20EE0EF09251D9269351DA22DF6ADB
:10B510009EC581F59FC582F5A0C583F5A1C584F5BB
:10B5200030EC0CF0050120EE01F09251D926935138
:10B53000DA22DF6A1200000E56EC06F08451831105
:10B54000821104E1C80E815DD8A0120020EE01F046
:10B550009251D9269351DA22DF6A92C5D9F493C564
:10B56000DAF4DF6A0A01C12B000EC223C323C4230D
:10B57000AF4BB02B050120EE09F09251D926935123
:10B58000DA22DF6A94C5D9F495C5DAF4DF6A20EED1
:10B590000BF09251D9269351DA22DF6A20EE0AF09D
:10B5A0009251D9269351DA22DF6A20EE0CF09251A3
:10B5B000D9269351DA22DF6A20EE0DF09251D92676
:10B5C0009351DA22DF6A20EE10F09251D92693517E
:10B5D000DA22DF6A20EE0EF09251D9269351DA2258
:10B5E000DF6A1200C084030EE725376E000EE821E3
:10B5F000386E20EE04F03750D9263850DA22DEC4F7
:10B6000081F5DEC482F5DEC483F5DEC484F5CDECBD
:10B6100006F081C58AF582C58BF583C58CF584C596
:10B620008DF5010E3FECEFF08AC5B1F58BC5B2F593
:10B630008CC5B3F58DC5B4F5B56B500EB66FC30EA2
:10B64000B76F470EB86F42ECE6F0B1C504F8B2C56B
:10B6500005F8B3C506F8B4C507F820EE08F0375072
:10B66000D9263850DA22DEC481F5DEC482F5DEC484
:10B6700083F5DEC484F5CDEC06F081C58AF582C57C
:10B680008BF583C58CF584C58DF5010E3FECEFF08D
:10B690008AC5B1F58BC5B2F58CC5B3F58DC5B4F5CA
:10B6A000B56B500EB66FC30EB76F470EB86F42EC56
:10B6B000E6F0B1C508F8B2C509F8B3C50AF8B4C5D3
:10B6C0000BF820EE0CF03750D9263850DA22DEC4C1
:10B6D00081F5DEC482F5DEC483F5DEC484F5CDECED
:10B6E00006F081C58AF582C58BF583C58CF584C5C6
:10B6F0008DF5010E3FECEFF08AC5B1F58BC5B2F5C3
:10B700008CC5B3F58DC5B4F5B56B500EB66FC30ED1
:10B71000B76F470EB86F42ECE6F0B1C50CF8B2C592
:10B720000DF8B3C50EF8B4C50FF820EE10F0375081
:10B73000D9263850DA22DEC481F5DEC482F5DEC4B3
:10B7400083F5DEC484F5CDEC06F081C58AF582C5AB
:10B750008BF583C58CF584C58DF5010E3FECEFF0BC
:10B760008AC5B1F58BC5B2F58CC5B3F58DC5B4F5F9
:10B77000B56B500EB66FC30EB76F470EB86F42EC85
:10B78000E6F0B1C520F8B2C521F8B3C522F8B4C5BA
:10B7900023F820EE14F03750D9263850DA22DEC4D0
:10B7A00081F5DEC482F5DEC483F5DEC484F5CDEC1C
:10B7B00006F081C58AF582C58BF583C58CF584C5F5
:10B7C0008DF5010E3FECEFF08AC5B1F58BC5B2F5F2
:10B7D0008CC5B3F58DC5B4F5B56B500EB66FC30E01
:10B7E000B76F470EB86F42ECE6F0B1C524F8B2C5AA
:10B7F00025F8B3C526F8B4C527F820EE18F0375061
:10B80000D9263850DA22DEC481F5DEC482F5DEC4E2
:10B8100083F5DEC484F5CDEC06F081C58AF582C5DA
:10B820008BF583C58CF584C58DF5010E3FECEFF0EB
:10B830008AC5B1F58BC5B2F58CC5B3F58DC5B4F528
:10B84000B56B500EB66FC30EB76F470EB86F42ECB4
:10B85000E6F0B1C528F8B2C529F8B3C52AF8B4C5D1
:10B860002BF8C09412000A0E05019F6F7FEC0FF0B9
:10B870000009D8B412005BEC07F0A06FFAD0465074
:10B880000EE1040EF461040CF40EF425D96EDA6AAC
:10B890000A0EDA22A051D00FDF6EF42B12000A0E2E
:10B8A000F4610A0CF30EF425D96EDA6A0C0EDA2272
:10B8B000A0C5DFF4F2D7010E466E010C466A090EF0
:10B8C000F465090CF46B0C01FD6BF30E0501816F3F
:10B8D0000C0E826F67ECEBF0610006F6C7FE6100AC
:10B8E0000AF6C8FE61000EF6C9FE610012F6CAFE35
:10B8F0002BEEC7F27E0EDE5C620EDE58FB0EDE58CB
:10B90000640EDE5810E27E0E6100A2F3C7FE620EE6
:10B910006100A2F3C8FEFB0E6100A2F3C9FE640E33
:10B920006100A2F3CAFE6B001CFB81F56B0020FBDB
:10B9300082F56B0024FB83F56B0028FB84F5C3EFD5
:10B940000CF0F46B1200466A030EF465030CF46B02
:10B950000A01F4510501976F986BE80E9703F3C441
:10B9600099F5F4C49AF59803F3509A27030E9703B8
:10B97000F3509A270A01F551640DF35005019925FA
:10B980009B6FF4509A219C6F0A01F6510A0DF350F7
:10B9900005019B259D6FF4509C219E6F0A01F75174
:10B9A00005019D27000E9E23610076F6C5FE61000D
:10B9B0007AF6C6FE2BEEC5F2010EDBBE0CD0DE041D
:10B9C0007D0EDE5808E3000E6100A2F3C5FE7D0E79
:10B9D0006100A2F3C6FE2BEEC5F2010EDBAE07D06E
:10B9E000000E6100A2F3C5FE6100A2F3C6FED69C64
:10B9F0002BEEC5F261007AF3C3FE610076F3C4FE5C
:10BA0000D68C1200466A1200466A010E6100A2F34B
:10BA1000B7FE010C466A010E6100A2F3B8FE010CEC
:10BA2000466A010E6100A2F3B6FE010C466A000EE2
:10BA30006100A2F3B7FE6100A2F3B6FE6100A2F3BB
:10BA4000B8FE000C466AD69ED69C2BEEC5F261006D
:10BA50007AF3C3FE610076F3C4FED68CD68E120054
:10BA6000466A02D05BEC07F07FEC0FF00009FAE1C8
:10BA70001200A051230AE6E0130A01E100D7010AEF
:10BA800001E1FDD6030A01E1FAD6010A01E1F7D688
:10BA9000070A01E1F4D6010A01E1F1D6030A01E146
:10BAA000EED6010A01E1EBD60F0A01E1E8D6010A60
:10BAB00001E1E5D6780AA8E0020AACE00C0AB6E09B
:10BAC0001C0AAEE0070A01E1F6D6020A01E139D705
:10BAD0000E0A01E138D7020A95E02E0A01E1EED6FE
:10BAE000BFD70501CD51800BD66FCD51CD25D86F75
:10BAF000CCBFD881D85108E0D82904E1CA6BCB6B00
:10BB0000CC6BCD6BCC8F03D0CA6BCB6BCC6BCD6BBE
:10BB1000D151800BD76FD61901E0D68DD151D125E7
:10BB2000D76FD0BFD781D75108E0D72904E1CE6BBA
:10BB3000CF6BD06BD16BD08F03D0CE6BCF6BD06B74
:10BB4000D16BD851D75D22E2D6AD02D0800ED61B84
:10BB5000D8C5D9F5D7C5D8F5D9C5D7F5CAC5D9F54A
:10BB6000CEC5CAF5D9C5CEF5CBC5D9F5CFC5CBF570
:10BB7000D9C5CFF5CCC5D9F5D0C5CCF5D9C5D0F54B
:10BB8000CDC5D9F5D1C5CDF5D9C5D1F5D96BD8512C
:10BB9000D7C5D2F5D36BD25F000ED35BD3BF25D010
:10BBA000D35103E11A0ED25D20E3CA51CB11CC115F
:10BBB000CD11010ED8B4000ED96FCA6BCB6BCC6B14
:10BBC000CD6BD7C5D8F514D0D9A105D0D890D9312F
:10BBD0000109D96F02D0D890D933CAB1D98FCD35E8
:10BBE000CD33CC33CB33CA33D82BD751D85DECE32C
:10BBF000D6BD23D0D85105E1CA6BCB6BCC6BCD6BD6
:10BC00001200CE51CA27CF51CB23D051CC23D151D2
:10BC1000CD23CDA168D0D9A105D0D890D9310109C3
:10BC2000D96F02D0D890D933CAB1D98FCD35CD33A1
:10BC3000CC33CB33CA33D82B56D0CE51CA5DCF517B
:10BC4000CB59D051CC59CD51800AD26FD151800AF5
:10BC5000D25923E2CA51CE5DD26FCB51CF59D36FA7
:10BC6000CC51D059D46FCD51D159D56FFF0ED225BB
:10BC7000CA6FFF0ED321CB6FFF0ED421CC6FFF0E06
:10BC8000D521CD6F800ED61BD96DD9510EE1CA2BAF
:10BC9000000ECB23CC23CD2308D0CE51CA5FCF5189
:10BCA000CB5BD051CC5BD151CD5BCA51CB11CC1108
:10BCB000CD1117E1D95115E1CA6BCB6BCC6BCD6BB4
:10BCC0001200D890CA37CB37CC37CD37D9BFCA810D
:10BCD000D9A102D0D88001D0D890D937D85101E06D
:10BCE000D807CCAFEED7D76BD9AF0AD0D9C5D2F52C
:10BCF0007F0ED21703E0010ED76F02D0CAB1FBD777
:10BD0000D7510FE0CA2B000ECB23CC23CD23CDA1DE
:10BD100008D0CD35CD33CC33CB33CA33D82901E06D
:10BD2000D82BD82902E0D85107E1CA6BCB6BCC6B7A
:10BD3000CD6BD85101E1D66BD8A102D0CC8F01D008
:10BD4000CC9FD890D831CD6FD6BFCD8FCAC5CAF59C
:10BD5000CBC5CBF5CCC5CCF5CDC5CDF51200AECE5F
:10BD6000E4F9AFCEE5F9C0CEDEF9C1CEDFF923EEBE
:10BD7000ACF2DEC481F5DDC482F50501813B823B76
:10BD8000F00E821781510F0B8213F00E811723EEF4
:10BD9000AAF2DEC483F5DDC484F5843B833B0F0E39
:10BDA00083178451F00B83130F0E84178317846B52
:10BDB000815183110901E26F05018251841109014A
:10BDC000E36F23EEBCF2DEC481F5DDC482F505012C
:10BDD000813182338133813182338133825181C514
:10BDE00082F5C00B816F23EEBEF2DEC483F5DDC4A5
:10BDF00084F5D89084338333D890843383333F0ED3
:10BE00008317846B815183110901E86F0501825109
:10BE100084110901E96F0F0E0E01AA150501816F4A
:10BE2000826B81318233813381318233813382511C
:10BE300081C582F5C00B816F23EEA8F2DEC483F5C5
:10BE4000DDC484F5D89084338333D890843383332E
:10BE50003F0E8317846B815183110901EC6F05013B
:10BE6000825184110901ED6F030E0E01BC1505010D
:10BE7000816F826B81C582F5816BD8908237D890B3
:10BE8000823723EEBAF2DEC483F5DDC484F5D890A0
:10BE900083378437D8908337843781518311856FF6
:10BEA00082518411866F23EEB8F2DEC487F5DDC4BB
:10BEB00088F58835873788378835873788378751B9
:10BEC00088C587F5030B886F030E8717886B85512C
:10BED00087110901EA6F0501865188110901EB6F8D
:10BEE000030E0E01A8150501816F826B81C582F5D5
:10BEF000816B0E01A651050181110901E66F0E014A
:10BF0000A751050182110901E76F3F0E0E01B81517
:10BF10000501816F826B81C582F5816B0E01B6517F
:10BF2000050181110901E06F0E01B7510501821170
:10BF30000901E16F0F0E0E01B2150501816F826BD1
:10BF400081C582F5816B0E01B05105018111090196
:10BF5000EE6F0E01B151050182110901EF6F23EE61
:10BF6000B4F2DEC481F5DDC482F50501813B823B7C
:10BF7000F00E821781510F0B8213F00E811723EE02
:10BF8000B2F2DEC483F5DDC484F5843B833B0F0E3F
:10BF900083178451F00B83130F0E84178317846B60
:10BFA000815183110901F06F05018251841109014A
:10BFB000F16FF2C9F6FD0D01F76B160E0901F225BE
:10BFC0000D01FA6FFB6B000EFB230B0E07019D6F3B
:10BFD0000B0C20EE03F00451D9260551DA2208C6D5
:10BFE000DEF409C6DDF420EE03F00451D926055134
:10BFF000DA22DEC40DF6DDC40EF60D510F6F0E51C0
:10C00000106F116B126B0F510A017F5D0601105109
:10C010000A018059060111510A0181590601125184
:10C020000A01825901E2D1D035C5D9F436C5DAF416
:10C03000020EDE1801E0C9D020EE01F03550D926FD
:10C040003650DA22040EDE1801E0BFD035C581F586
:10C0500036C582F5060120EE03F00451D9260551BC
:10C06000DA22DEC40DF6DDC40EF6FE0E0D25050146
:10C07000836FFF0E06010E210501846F8CECFEF02C
:10C0800081C513F682C514F604C681F505C682F58E
:10C0900035C583F536C584F5A9ECFDF081C515F6E7
:10C0A00082C516F60601155113194FE116511419E0
:10C0B0004CE120EE0CF00451D9260551DA22010E94
:10C0C000DF6E20EE09F00451D9260551DA22010E67
:10C0D000DF6E20EE3FF00451D9260551DA22DE6AE8
:10C0E000DD6A06C6D9F407C6DAF4010EDF6E01D8A0
:10C0F0000AD00500FA6E0A51FD6E0B51FE6E0C510E
:10C10000FF6EFA501200060120EE12F00451D926FB
:10C110000551DA2210EE16F00451E1260551E22213
:10C12000DEC4E6F4DEC4E6F4DEC4E6F4DEC4E6F41F
:10C1300020EE12F00451D9260551DA22DE2A000E33
:10C14000DE22DE22DE22BF9237D0BF8206C6D9F4BD
:10C1500007C6DAF4DF6A20EE0CF00451D926055147
:10C16000DA22DF6A20EE3FF00451D9260551DA22A7
:10C17000DFC40DF6DE2ADFC40EF6000EDD220E51FE
:10C1800003E1030E0D5D07E320EE09F00451D9260B
:10C190000551DA22DF6A20EE0BF00451D926055151
:10C1A000DA22DF6A13C681F514C682F515C683F557
:10C1B00016C684F530EC0CF0060120EE01F00451B7
:10C1C000D9260551DA22DF6A1200000E56EC06F07D
:10C1D0008451831106E1B00E815D040E8259D8A00E
:10C1E0001200060120EE01F00451D9260551DA2291
:10C1F000DF6ABF9204C6D9F405C6DAF4DF6A0A0121
:10C20000872B000E882389238A23754B762B06C63D
:10C21000D9F407C6DAF4DF6A060120EE0CF0045107
:10C22000D9260551DA22DF6A20EE09F00451D92619
:10C230000551DA22DF6A20EE0BF00451D9260551B0
:10C24000DA22DF6A1200050120EE0CF09351D926A4
:10C250009451DA22DEC496F5DDC497F5030E9603F9
:10C26000F3C498F5F4C499F59703F35099271C0E7D
:10C2700098259C6FFE0E99219D6F900E9E6F0D0E5E
:10C280009F6F9CC5F6F49DC5F7F4000EF86E9EC531
:10C29000D9F49FC5DAF40800F5C4DFF49C4B9D2B5C
:10C2A0009E4B9F2B9CC5F6F49DC5F7F49EC5D9F413
:10C2B0009FC5DAF40800F5C4DFF49C4B9D2B9E4B20
:10C2C0009F2B9CC5F6F49DC5F7F49EC5D9F49FC578
:10C2D000DAF40800F5C4DFF49E4B9F2B9EC5D9F419
:10C2E0009FC5DAF4200EDF6E9E4B9F2B20EE08F0E8
:10C2F0009351D9269451DA22DEC496F5DDC497F520
:10C30000030E9603F3C498F5F4C499F59703F3501C
:10C310009927AF0E98259C6FFB0E99219D6F9CC5A8
:10C32000F6F49DC5F7F4000EF86E9EC5D9F49FC5CE
:10C33000DAF40800F5C4DFF49C4B9D2B9E4B9F2B39
:10C340009CC5F6F49DC5F7F49EC5D9F49FC5DAF4F3
:10C350000800F5C4DFF49C4B9D2B9E4B9F2B9CC586
:10C36000F6F49DC5F7F49EC5D9F49FC5DAF408002C
:10C37000F5C4DFF4200E0D01976F9A0E05018E6F44
:10C380000D0E8F6F20EE06F09351D9269451DA22CC
:10C39000DF50906F200E916F926F30ECFFF09D0E8A
:10C3A0008E6F0D0E8F6F20EE04F09351D9269451AD
:10C3B000DA22DF50906F300E916F3A0E926F30ECB0
:10C3C000FFF0A00E8E6F0D0E8F6F20EE02F09351D6
:10C3D000D9269451DA22DF50906F300E916F3A0EC9
:10C3E000926F30ECFFF0A30E8E6F0D0E8F6F93C522
:10C3F000D9F494C5DAF4DF50906F300E916F200EAF
:10C40000926F30ECFFF020EE0AF09351D926945150
:10C41000DA22DEC486F5DDC487F5896B640E886F89
:10C420004CECFCF08651130F9A6FA60E8E6F0D0E1A
:10C430008F6F9AC590F5200E916F926B30ECFFF0E4
:10C44000640E816F20EE0AF09351D9269451DA22BE
:10C45000DF50F4EC0BF09B6FA80E8E6F0D0E8F6FFC
:10C460009BC590F5300E916F0A0E926F30ECFFF085
:10C47000900E936F0D0E946F120020EE03F0CA51D0
:10C48000D926CB51DA22CEC5DEF4CFC5DDF420EEBD
:10C4900003F0CA51D926CB51DA22DEC4D4F5DDC46B
:10C4A000D5F5D451D66FD551D76FD86BD96BD6513E
:10C4B0000A019C5D0501D7510A019D590501D8511A
:10C4C0000A019E590501D9510A019F5901E2B5D0CF
:10C4D000E7C5D9F4E8C5DAF4DE0401E0AED0050121
:10C4E00020EE01F0E751D926E851DA22D351DE18C7
:10C4F00001E0A3D0E7C581F5E8C582F520EE03F0A1
:10C50000CA51D926CB51DA22DEC4D4F5DDC4D5F523
:10C51000FE0ED425836FFF0ED521846F8CECFEF0C8
:10C5200081C5DAF582C5DBF5CAC581F5CBC582F5D3
:10C53000E7C583F5E8C584F5A9ECFDF081C5DCF518
:10C5400082C5DDF5DC51DA1946E1DD51DB1943E145
:10C55000BF9220EE09F0CA51D926CB51DA22010E42
:10C56000DF6E20EE3FF0CA51D926CB51DA22DE6AC7
:10C57000DD6ACCC5D9F4CDC5DAF4010EDF6E01D881
:10C580000AD00500FA6ED051FD6ED151FE6ED25127
:10C59000FF6EFA50120020EE12F0CA51D926CB518C
:10C5A000DA2210EE16F0CA51E126CB51E222DEC4A7
:10C5B000E6F4DEC4E6F4DEC4E6F4DEC4E6F420EE1F
:10C5C00012F0CA51D926CB51DA22DE2A000EDE2221
:10C5D000DE22DE2229D0BF82CCC5D9F4CDC5DAF463
:10C5E000DF6A20EE3FF0CA51D926CB51DA22DFC4F0
:10C5F000D4F5DE2ADFC4D5F5000EDD22D55103E1E6
:10C60000030ED45D07E320EE09F0CA51D926CB51C1
:10C61000DA22DF6ADAC581F5DBC582F5DCC583F590
:10C62000DDC584F530EC0CF0050120EE01F0CA51B7
:10C63000D926CB51DA22DF6A1200000E56EC06F042
:10C640008451831106E1B00E815D040E8259D8A099
:10C65000120020EE01F0CA51D926CB51DA22DF6A4E
:10C66000CAC5D9F4CBC5DAF4010EDF6E0A01A42BDA
:10C67000000EA523A623A723924B932BCCC5D9F458
:10C68000CDC5DAF4DF6A050120EE09F0CA51D926DA
:10C69000CB51DA22DF6A12000DEEFFF2ED6A000ED6
:10C6A000E918FCE1050EEA18F9E1120EF66EA70E84
:10C6B000F76E010EF86E0BEEC2F010EE9AF3090061
:10C6C000F5C4EEF4E550E150FAE1E250F8E10C0E69
:10C6D000F66EE80EF76E010EF86E08EE00F010EE42
:10C6E000C0F00900F5C4EEF4E550E150FAE1200E87
:10C6F000F66EF80EF76E010EF86E06EE80F010EE94
:10C7000078F00900F5C4EEF4E550E150FAE16C0E62
:10C71000F66E1C0EF76E000EF86E05EEE9F110EEE7
:10C7200010F00900F5C4EEF4E550E150FAE1D20E44
:10C73000F66E010EF76E000EF86E04EE94F110EE38
:10C740005EF00900F5C4EEF4E550E150FAE17E0E2A
:10C75000F66E0B0EF76E000EF86E04EEBCF010EEE7
:10C760003DF00900F5C4EEF4E550E150FAE10E0E9B
:10C77000F66E0E0EF76E000EF86E03EEBCF310EEC2
:10C7800038F00900F5C4EEF4E550E150FAE1FA0E94
:10C79000F66EFF0EF76E010EF86E03EEF8F210EE75
:10C7A00006F00900F5C4EEF4E550E150FAE1A00E00
:10C7B000F66E030EF76E000EF86E03EEABF110EEA0
:10C7C00054F00900F5C4EEF4E550E150FAE13C0EF6
:10C7D000F66E1B0EF76E000EF86E02EEE4F310EE2E
:10C7E0001BF00900F5C4EEF4E550E150FAE1420E09
:10C7F000F66EE70EF76E010EF86E02EE00F210EE26
:10C80000CAF00900F5C4EEF4E550E150FAE1A80ED3
:10C81000F66EF70EF76E010EF86E02EE87F110EE6F
:10C8200078F00900F5C4EEF4E550E150FAE1BB0EF2
:10C83000F66E0B0EF76E000EF86E01EEA1F310EE21
:10C840003CF00900F5C4EEF4E550E150FAE11E0EAB
:10C85000F66E1F0EF76E000EF86E01EEF9F110EE97
:10C8600007F00900F5C4EEF4E550E150FAE1CA0E14
:10C87000F66E1F0EF76E000EF86E0900F5C45FF538
:10C880000401080E5D6F000E5E6F000E5F6F000109
:10C89000EFEF97F00501B66B7DD0FC0E0701C36F7B
:10C8A000890EC46F800EC56F420EC66F090ECB6F26
:10C8B0008A0E19D0C50E0701C36F600EC46F800EBB
:10C8C000C56F420EC66F730ECB6F480E0CD0290E8B
:10C8D0000701C36F9C0EC46F800EC56F420EC66FFA
:10C8E000360ECB6F9C0ECC6F800E2AD0890E0701BE
:10C8F000C36FC10EC46F580EC56F420EC66FE50EF2
:10C90000CB6F900ECC6F580E1BD0660E0701C36F15
:10C91000C46F5E0EC56F420EC66FB40ECB6F990E1C
:10C92000CC6F5E0E0DD0CF0E0701C36FB70EC46F74
:10C93000800EC56F420EC66F2C0ECB6FC50ED3D7BF
:10C94000CD6F420ECE6F89D0390E0701C36FB40E82
:10C95000C46F800EC56F420EC66F3A0ECB6FB20E1B
:10C96000C2D7810E0701C36F950EC46F800EC56FCD
:10C97000420EC66F2B0ECB6FC70EB5D70701C36B28
:10C98000800EC46FC56F420EC66F0D0ECB6F800E4A
:10C99000CC6FD6D7A6C5AEF5A7C5AFF5A8C5B0F57F
:10C9A000A9C5B1F5AAC5B2F5ABC5B3F5ACC5B4F52B
:10C9B000ADC5B5F5B5514EE0E1D7B1513FE0DED799
:10C9C000AF51DCE1AE5101E175D7D8D7AF51890A3B
:10C9D0000FE01E0A12E00F0A14E0020A17E0300A04
:10C9E0001AE0010A1CE0050A1FE0190A14E0C6D784
:10C9F000AE51B60A01E151D7C1D7AE512B0A93E02F
:10CA0000BDD7AE51F30A01E171D7B8D7AE51B60A1E
:10CA100001E15DD7B3D7AE51280AA3E0AFD7AE513D
:10CA2000B60A01E172D7AAD7AE512B0AECD7AF51A3
:10CA30001D0AA4E1AE51B50A87E0A0D7B051C0E00D
:10CA4000050AC4E0030AF3E099D7B35197E1B25164
:10CA5000B4E094D7B451F9E091D72DECF1F000098E
:10CA600002E0C4CBB6F5D3AAD3A803D0010E0501CA
:10CA7000B66FD3AAD3B803D0020E0501B66FD3BAEE
:10CA8000D3B803D0030E0501B66F0501B6511200ED
:10CA900020EE03F00051D9260151DA2204C6DEF45B
:10CAA00005C6DDF420EE03F00051D9260151DA224B
:10CAB000DEC4D6F5DDC4D7F50501D651D86FD75100
:10CAC000D96FDA6BDB6BD8510A019C5D0501D95136
:10CAD0000A019D590501DA510A019E590501DB51F0
:10CAE0000A019F5901E29ED0E7C5D9F4E8C5DAF4FE
:10CAF000DE0401E097D0050120EE01F0E751D926D0
:10CB0000E851DA22030EDE1801E08CD0E7C581F58A
:10CB1000E8C582F5060120EE03F00051D926015147
:10CB2000DA22DEC4D6F5DDC4D7F5FE0E0501D62522
:10CB3000836FFF0ED721846F8CECFEF081C509F660
:10CB400082C50AF600C681F501C682F5E7C583F500
:10CB5000E8C584F5A9ECFDF081C50BF682C50CF69D
:10CB600006010B5109193EE10C510A193BE120EE77
:10CB70000CF00051D9260151DA22010EDF6E02C6F7
:10CB8000D9F403C6DAF4DF6E01D80AD00500FA6ED4
:10CB90000651FD6E0751FE6E0851FF6EFA501200ED
:10CBA000060120EE12F00051D9260151DA2210EED2
:10CBB00016F00051E1260151E222DEC4E6F4DEC4A3
:10CBC000E6F4DEC4E6F4DEC4E6F420EE12F0005132
:10CBD000D9260151DA22DE2A000EDE22DE22DE22F2
:10CBE000BF9217D0BF8202C6D9F403C6DAF4DF6A57
:10CBF00020EE0CF00051D9260151DA22DF6A09C675
:10CC000081F50AC682F50BC683F50CC684F530ECB7
:10CC10000CF0060120EE01F00051D9260151DA2274
:10CC2000DF6A1200000E56EC06F08451831106E113
:10CC3000B00E815D040E8259D8A01200060120EECC
:10CC400001F00051D9260151DA22DF6ABF9200C6F5
:10CC5000D9F401C6DAF4DF6A0A01A42B000EA52379
:10CC6000A623A723924B932B02C6D9F403C6DAF46A
:10CC7000DF6A060120EE0CF00051D9260151DA22BC
:10CC8000DF6A12000501B451800BC16FB451B425A5
:10CC9000C86FB3BFC881C85108E0C82904E1B16BAF
:10CCA000B26BB36BB46BB38F03D0B16BB26BB36BBE
:10CCB000B46BB851800BC11BB851B825C96FB7BF51
:10CCC000C981C95108E0C92904E1B56BB66BB76BDE
:10CCD000B86BB78F03D0B56BB66BB76BB86BB5518C
:10CCE000B611B711B81113E1B16BB26BB36BB46B82
:10CCF000800EB3137F0EB413C151B413B1C5B1F597
:10CD0000B2C5B2F5B3C5B3F5B4C5B4F51200C85198
:10CD100005E1B16BB26BB36BB46B1200C951C8C5FE
:10CD2000B9F5BA6BB95F000EBA5B7F0EB925C26F59
:10CD3000000EBA21C36FB1C5BDF5B2C5BEF5B3C50E
:10CD4000BFF5B4C5C0F5B16BB26BB36BB46BC46B5C
:10CD5000C56BC66BC76BC96B26D0C95111E0D890A3
:10CD6000BD37BE37BF37C037D890B137B237B337CA
:10CD7000B437C7BFB181D890C437C537C637C737B6
:10CD8000B551BD5DB651BE59B751BF59B851C05923
:10CD900009E3C78DB551BD5FB651BE5BB751BF5BEF
:10CDA000B851C05BC92B190EC965D7D7BD51BE118B
:10CDB000BF11C01111E0C4810FD0D890B137B23784
:10CDC000B337B437C7BFB181D890C437C537C6377A
:10CDD000C737C207D8A0C307B3AFEFD7C96BC7AF78
:10CDE00013D0C451B96FC551BA6FC651BB6F7F0E16
:10CDF000C715BC6FB951BA11BB11BC1103E0010ECC
:10CE0000C96F02D0B1B1FBD7C9510EE0B12B000EF2
:10CE1000B223B323B423B4A107D0B435B433B333AE
:10CE2000B233B133C24BC32BC3BF0AD0C35102E1EB
:10CE3000C22906E3C36BC269B16BB26BB36BB46B4F
:10CE4000C3BF04D0C35109E1C20507E2C26BC36B83
:10CE5000B16BB26BB36BB46BC16BC2C5C8F5C8A183
:10CE600002D0B38F01D0B39FD890C831B46F44D7EC
:10CE700091C58CF592C58DF5040E8E6FFEECFCF01D
:10CE8000070120EE03F06E51D9266F51DA22DF50F0
:10CE9000316E326A336A346AD69E20EE03F06E51E8
:10CEA000D9266F51DA22DF50B36F20EE02F06E51B7
:10CEB000D9266F51DA22DF50B26F20EE01F06E51A9
:10CEC000D9266F51DA22DF50B16FD68E20EE02F0F4
:10CED0006E51D9266F51DA22DF500501956F966B9E
:10CEE00095C596F5956B95C597F596C598F5000E81
:10CEF00098BFFF0E996F9A6F9B6B98519C6F9D6BBB
:10CF00009E6B9B5131269C5132229D5133229E5162
:10CF10003422070120EE01F06E51D9266F51DA223A
:10CF2000DF500501956F95C596F5976B986B996BDA
:10CF300097C599F596C598F5976B966B9A6B9B6B11
:10CF400098519C6F9D6B9A5131269B5132229C5176
:10CF500033229D5134226EC7D9F46FC7DAF4DF5003
:10CF6000956F95C596F5976B986B996B96C599F5E6
:10CF7000986B976B966B9A6B9B6B9C6B99519D6FA3
:10CF80009A5131269B5132229C5133229D51342299
:10CF90000A01E451311809E1E551321806E1E65180
:10CFA000331803E1E75134180BE0010E0901A86FB3
:10CFB00031C5E4FA32C5E5FA33C5E6FA34C5E7FA15
:10CFC0000701946B6EC7D9F46FC7DAF4DFAA12D0E9
:10CFD000010E956F946F0B01922B000E93239423F7
:10CFE0009523A70E05018C6FF80E8D6F040E8E6FC2
:10CFF000FEECFCF06EC7D9F46FC7DAF4DFAC12D0E8
:10D00000010E0701946F09016B2B000E6C236D2339
:10D010006E23A70E05018C6FF80E8D6F040E8E6FB8
:10D02000FEECFCF005019351941106E093C586F5E2
:10D0300094C587F5FAECFEF031C591F532C592F54D
:10D0400033C593F534C594F5120020EE03F0CA51B0
:10D05000D926CB51DA22CEC5DEF4CFC5DDF420EEE1
:10D0600003F0CA51D926CB51DA22DEC4D3F5DDC490
:10D07000D4F5D351D56FD451D66FD76BD86BD5516A
:10D080000A01B95D0501D6510A01BA590501D75106
:10D090000A01BB590501D8510A01BC5901E29BD0D4
:10D0A00039C5D9F43AC5DAF4DE0401E094D020EEB3
:10D0B00001F03950D9263A50DA22030EDE1801E089
:10D0C0008AD039C581F53AC582F5050120EE03F015
:10D0D000CA51D926CB51DA22DEC4D3F5DDC4D4F54A
:10D0E000FE0ED325836FFF0ED421846F8CECFEF0EF
:10D0F00081C5D9F582C5DAF5CAC581F5CBC582F5FA
:10D1000039C583F53AC584F5A9ECFDF081C5DBF599
:10D1100082C5DCF5DB51D9193EE1DC51DA193BE17E
:10D1200020EE0CF0CA51D926CB51DA22010EDF6E67
:10D13000CCC5D9F4CDC5DAF4DF6E01D80AD005002C
:10D14000FA6ED051FD6ED151FE6ED251FF6EFA5083
:10D150001200050120EE12F0CA51D926CB51DA2275
:10D1600010EE16F0CA51E126CB51E222DEC4E6F4FD
:10D17000DEC4E6F4DEC4E6F4DEC4E6F420EE12F02B
:10D18000CA51D926CB51DA22DE2A000EDE22DE2257
:10D19000DE22BF9217D0BF92CCC5D9F4CDC5DAF448
:10D1A000DF6A20EE0CF0CA51D926CB51DA22DF6AB1
:10D1B000D9C581F5DAC582F5DBC583F5DCC584F513
:10D1C00030EC0CF0050120EE01F0CA51D926CB510C
:10D1D000DA22DF6A1200000E56EC06F08451831149
:10D1E000821104E1C80E815DD8A0120020EE01F08A
:10D1F000CA51D926CB51DA22DF6ABF92CAC5D9F407
:10D20000CBC5DAF4DF6A0A01C12B000EC223C323A7
:10D21000C423AF4BB02B000C0501986F030E981779
:10D220009851946F956B000E9403F3C496F5F4C473
:10D2300097F59503F3509727020E9403F350972721
:10D24000D50E9625D96E200E9721DA6EDF6A985199
:10D25000946F956B000E9403F3C496F5F4C497F5A0
:10D260009503F3509727020E9403F3509727550E1A
:10D270009625D96E210E9721DA6EDF6A9851946F48
:10D28000956B000E9403F3C496F5F4C497F59503DB
:10D29000F3509727020E9403F3509727D50E962547
:10D2A000D96E210E9721DA6EDF6A9851946F956BD3
:10D2B000000E9403F3C496F5F4C497F59503F35068
:10D2C0009727020E9403F3509727550E9625D96E93
:10D2D000220E9721DA6EDF6AD1ECFAF005018F6B2E
:10D2E0009851946F956B000E9403F3C496F5F4C4B3
:10D2F00097F59503F3509727020E9403F350972761
:10D30000C00E9625906F200E9721916F000EFAECBB
:10D3100001F0D1ECFAF005018F6B9851946F956B89
:10D32000000E9403F3C496F5F4C497F59503F350F7
:10D330009727020E9403F3509727400E9625906F7F
:10D34000210E9721916F010EFAEC01F0D1ECFAF069
:10D3500005018F6B9851946F956B000E9403F3C485
:10D3600096F5F4C497F59503F3509727020E9403AE
:10D37000F3509727C00E9625906F210E9721916F3D
:10D38000020EFAEC01F0D1ECFAF005018F6B985126
:10D39000946F956B000E9403F3C496F5F4C497F55F
:10D3A0009503F3509727020E9403F3509727400EEE
:10D3B0009625906F220E9721916F030EFAEC01F0E3
:10D3C0002AEEC0F0DF50030B120020EE03F0925162
:10D3D000D9269351DA2296C5DEF497C5DDF420EE06
:10D3E00003F09251D9269351DA22DEC498F5DDC4B8
:10D3F00099F598519A6F99519B6F9C6B9D6B9A51BF
:10D400000A017F5D05019B510A01805905019C516C
:10D410000A01815905019D510A0182596CE335C504
:10D42000D9F436C5DAF4020EDE1865E120EE01F01B
:10D430003550D9263650DA22100EDE185CE135C59B
:10D4400081F536C582F5050120EE03F09251D9260B
:10D450009351DA22DEC498F5DDC499F5FE0E9825C5
:10D46000836FFF0E9921846F8CECFEF081C59EF5D1
:10D4700082C59FF592C581F593C582F535C583F5C3
:10D4800036C584F5A9ECFDF081C5A0F582C5A1F5EE
:10D49000A0519E1912E1A1519F190FE120EE0BF04E
:10D4A0009251D9269351DA22010EDF6E94C5D9F438
:10D4B00095C5DAF4DF6EBF920FD094C5D9F495C547
:10D4C000DAF4DF6A9EC581F59FC582F5A0C583F5B4
:10D4D000A1C584F530EC0CF0050120EE01F092516D
:10D4E000D9269351DA22DF6A92C5D9F493C5DAF4CA
:10D4F000020EDF6E020C000E56EC06F08451831112
:10D5000006E1B00E815D040E8259D8A0120020EE13
:10D5100001F09251D9269351DA22DF6A92C5D9F4EB
:10D5200093C5DAF4DF6A0A01872B000E882389236A
:10D530008A23754B762B050120EE0CF09251D926EB
:10D540009351DA22DF50D8A4BF921200D0CADAF584
:10D55000D1CADBF5D2CADCF5D3CADDF5CAC5DAF526
:10D56000CBC5DBF5CCC5DCF5CDC5DDF5810ECE6FC9
:10D57000CF69DAC5D0F5DBC5D1F5DCC5D2F5DDC59F
:10D58000D3F5D235D335D06FD16BD26BD36BD137C6
:10D59000D051CE25D86F000ECF21D96FD9BF0ED074
:10D5A000D95103E1170ED85D09E3CAC5CAF5CBC549
:10D5B000CBF5CCC5CCF5CDC5CDF51200D9BF55D036
:10D5C000D8C5CEF5CF69D0697F0ED16F000ED26F6E
:10D5D000CE6701D007D0D235D233D133D033CF3359
:10D5E000CE2FF6D7CFC5D4F5D0C5D5F5D1C5D6F554
:10D5F000D2C5D7F50501D451DA15CE6FD551DB155B
:10D60000CF6FD651DC15D06FD751DD15D16FCE510C
:10D61000CF11D011D111C9E0DAC5CEF5DBC5CFF5F8
:10D62000DCC5D0F5DDC5D1F5CE6BD137CE37D16BAA
:10D63000D06BCF6BCE5108E0D451DA27D551DB2324
:10D64000D651DC23D751DD23D41DCE6FD51DCF6F2E
:10D65000D61DD06FD71DD16FCE51DA17CF51DB1742
:10D66000D051DC17D151DD1729D0DAC5CEF5DBC595
:10D67000CFF5DCC5D0F5DDC5D1F5CE6BD137CE37D2
:10D68000D16BD06BCF6BCE6705D0DA6BDB6BDC6B0D
:10D69000DD6B14D0D890DA35CE6FDB35CF6FDC354B
:10D6A000D06FDD35D16FCE51CF11D011D11106E041
:10D6B000DA6BDB6B800EDC6FBF0EDD6FDAC5CAF58F
:10D6C000DBC5CBF5DCC5CCF5DDC5CDF51200936B24
:10D6D000946B956B966B926B02D0814B822B81C5BC
:10D6E000D9F482C5DAF4200EDE18F7E081C5D9F44A
:10D6F00082C5DAF4DF50856FF70E8527040E856545
:10D70000ECD781C5D9F482C5DAF42D0EDE1805E117
:10D71000010E926F814B822B66D081C5D9F482C5F0
:10D72000DAF42B0EDE18F6E05ED081C5D9F482C59E
:10D73000DAF4DF50856FD00E8525866F876BFF0E7C
:10D740008723886B87BF88078851896F93C58AF5BF
:10D7500094C58BF595C58CF596C58DF50A0E8A0393
:10D76000F3C48EF5F4C48FF5906B916B8B03F3507B
:10D770008F27F4509023000E91238A03F3508F27B4
:10D78000F4509023000E91230A0E8C03F35090273F
:10D79000F4509123000E8B03F3509027F450912303
:10D7A000000E8A03F3509027F45091230A0E8D0344
:10D7B000F3509127000E8C03F3509127000E8B033A
:10D7C000F3509127000E8A03F350912786518E5D06
:10D7D000936F87518F59946F88519059956F8951E4
:10D7E0009159966F97D781C5D9F482C5DAF4DF5085
:10D7F000856FD00E8527090E856597D792511AE15E
:10D8000093C585F594C586F595C587F596C588F5C4
:10D81000851F861F871F881F852B000E8623872361
:10D82000882385C581F586C582F587C583F588C5BA
:10D8300084F5000C93C581F594C582F595C583F5F3
:10D8400096C584F5120020EE03F09251D92693512B
:10D85000DA2296C5DEF497C5DDF420EE03F092518E
:10D86000D9269351DA22DEC498F5DDC499F5985192
:10D870009A6F99519B6F9C6B9D6B9A510A01B95D90
:10D8800005019B510A01BA5905019C510A01BB5976
:10D8900005019D510A01BC5964E339C5D9F43AC563
:10D8A000DAF4DE045EE120EE01F03950D9263A5078
:10D8B000DA22060EDE1855E139C581F53AC582F542
:10D8C000050120EE03F09251D9269351DA22DEC4ED
:10D8D00098F5DDC499F5FE0E9825836FFF0E99210A
:10D8E000846F8CECFEF081C59EF582C59FF592C5D4
:10D8F00081F593C582F539C583F53AC584F5A9EC60
:10D90000FDF081C5A0F582C5A1F5A0519E190BE1DE
:10D91000A1519F1908E194C5D9F495C5DAF4010E17
:10D92000DF6EBF920FD094C5D9F495C5DAF4DF6AE3
:10D930009EC581F59FC582F5A0C583F5A1C584F577
:10D9400030EC0CF0050120EE01F09251D9269351F4
:10D95000DA22DF6A92C5D9F493C5DAF4080EDF6ED5
:10D96000080C000E56EC06F084518311821104E17C
:10D97000C80E815DD8A0120020EE01F09251D92688
:10D980009351DA22DF6A92C5D9F493C5DAF4DF6ADB
:10D990000A01C12B000EC223C323C423AF4BB02BFB
:10D9A000050120EE0CF09251D9269351DA22DF5076
:10D9B000D8A4BF921200926B90AF12D0901F8F1F0D
:10D9C0008E1F8D1F8C1F8B1F8A1F896D000E8A234F
:10D9D0008B238C238D238E238F239023010E926F14
:10D9E00088AF12D0881F871F861F851F841F831F43
:10D9F000821F816D000E8223832384238523862347
:10DA000087238823010E921B936B946B956B966B07
:10DA1000976B986B996B9A6B89518A118B118C114A
:10DA20008D118E118F11901145E0010E916F0AD06A
:10DA3000D89089378A378B378C378D378E378F3729
:10DA40009037912B90AFF4D7D89093379437953780
:10DA500096379737983799379A378951815D8A5128
:10DA600082598B5183598C5184598D5185598E51CE
:10DA700086598F5187599051885911E38951815F97
:10DA80008A51825B8B51835B8C51845B8D51855BAA
:10DA90008E51865B8F51875B9051885B9381D890C4
:10DAA00090338F338E338D338C338B338A3389337A
:10DAB000912FCAD7925110E09A1F991F981F971F54
:10DAC000961F951F941F936D000E94239523962304
:10DAD0009723982399239A2393C581F594C582F5BA
:10DAE00095C583F596C584F597C585F598C586F5E2
:10DAF00099C587F59AC588F512000601D76F2BEEF8
:10DB0000B0F2DF50D8B41200030E0501816F000E91
:10DB100037EC04F081C56DF682C56EF60601706BB8
:10DB2000150E6F6FDF0E716FFC0E726F6B00C8FA0F
:10DB3000DEF5010E0501DE250601736F746B000E24
:10DB4000742324ECF5F0D75118E0030E0501816F22
:10DB500037EC04F081C56DF682C56EF60601706B78
:10DB6000150E6F6F320E716FFE0E726FE3C873F693
:10DB7000E4C874F624ECF5F01DD0030E0501816FA6
:10DB800037EC04F081C56DF682C56EF60601706B48
:10DB9000150E6F6F650E716FFD0E726F2BEEB2F288
:10DBA000DF50600D1C0EF324736F2F0EF420746F82
:10DBB00024ECF5F0030E0501816F020E37EC04F042
:10DBC00081C56DF682C56EF60601706B150E6F6F1E
:10DBD000430E716FFF0E726F2BEEB2F2DF50600DCD
:10DBE000FC0EF324736F2E0EF420746F24ECF5F00A
:10DBF000030E0501816F010E37EC04F081C56DF64F
:10DC000082C56EF60601706B150E6F6F430E716F55
:10DC1000FF0E726F2BEEB2F2DF50600DDC0EF324BC
:10DC2000736F2E0EF420746F24ECF5F0010E61007A
:10DC3000A2F3B2FE010C080E0C6509D008C608F666
:10DC400009C609F60AC60AF60BC60BF612000D291C
:10DC50000EE10C51040D800EF324D96E0E0EF4204B
:10DC6000DA6E000EDE6ADE6ADE6ADD6AE7D70D5123
:10DC700006E0950E126F650E136F080E04D0CD0EE0
:10DC8000126FCC0E136F146F3D0E156F12C69CF5FC
:10DC900013C69DF514C69EF515C69FF50C51040DCF
:10DCA000800EF324D96E0E0EF420DA6EDEC404F674
:10DCB000DEC405F6DEC406F6DEC407F608C600F6C6
:10DCC00009C601F60AC602F60BC603F692EC06F088
:10DCD00000C698F501C699F502C69AF503C69BF5EC
:10DCE00057ECD8F098C50EF699C50FF69AC510F600
:10DCF0009BC511F60EC6CAF50FC6CBF510C6CCF5FE
:10DD000011C6CDF506010C51040D800EF324D96E19
:10DD10000E0EF420DA6EDEC4CEF5DEC4CFF5DEC41E
:10DD2000D0F5DEC4D1F571ECDDF006010C51040D27
:10DD3000800EF324D96E0E0EF420DA6E0501CAC5EA
:10DD4000DEF4CBC5DEF4CCC5DEF4CDC5DDF482E96E
:10DD5000DEC408F6DEC409F6DEC40AF6DEC40BF63D
:10DD60001200926B88AF12D0881F871F861F851FF5
:10DD7000841F831F821F816D000E822383238423CF
:10DD80008523862387238823010E926F90AF10D0BE
:10DD9000901F8F1F8E1F8D1F8C1F8B1F8A1F896DD9
:10DDA000000E8A238B238C238D238E238F23902395
:10DDB00089518A118B118C118D118E118F11901137
:10DDC0003BE0010E916F0AD0D89089378A378B37A4
:10DDD0008C378D378E378F379037912B90AFF4D7A4
:10DDE0008951815D8A5182598B5183598C51845953
:10DDF0008D5185598E5186598F5187599051885927
:10DE000010E38951815F8A51825B8B51835B8C5116
:10DE1000845B8D51855B8E51865B8F51875B905102
:10DE2000885BD89090338F338E338D338C338B3324
:10DE30008A338933912FD4D7925110E0881F871FDE
:10DE4000861F851F841F831F821F816D000E822302
:10DE500083238423852386238723882381C581F513
:10DE600082C582F583C583F584C584F585C585F5AE
:10DE700086C586F587C587F588C588F51200050132
:10DE8000926F92511CE08DAF1AD08AC58EF58BC56A
:10DE90008FF58CC590F58DC591F58E1F8F1F901F46
:10DEA000911F8E2B000E8F23902391238EC594F506
:10DEB0008FC595F590C596F591C597F508D08AC59B
:10DEC00094F58BC595F58CC596F58DC597F58A515A
:10DED0008B118C118D1105E18A6B8B6B8C6B8D6BAB
:10DEE0001200960E936F06D0932BD89097339633EB
:10DEF000953394338E6B8F6B906BFE0E9715916FED
:10DF00008E518F11901191110CE0EED7932B942B21
:10DF1000000E952396239723D89097339633953305
:10DF200094338E6B8F6B906B9751916F8E518F11D5
:10DF30009011911107E0EAD79307D890943795375D
:10DF40009637973796BF03D0020E9361F5D793A10A
:10DF5000969FD890933393C58EF58F6B906B916B92
:10DF60008EC591F5906B8F6B8E6B8E5194138F5184
:10DF700095139051961391519713925102E08DBFD2
:10DF8000978F94C58AF595C58BF596C58CF597C581
:10DF90008DF512007BEC0FF000094AE052EC0FF017
:10DFA000DC6F060119510501DC5D25E30801E76B13
:10DFB000E86B110E0601191908E1A40E05018C6F1A
:10DFC0000E0E8D6F4FEC0BF007D0500E05018C6FCD
:10DFD0000D0E8D6F4FEC0BF00901A56B01D828D009
:10DFE0000500FA6E06011651FD6E1751FE6E1851AE
:10DFF000FF6EFA5012000801E7510501DC6F0801BD
:10E00000E8510501DD6F0801E74BE82B310E0501F2
:10E01000DC5D750EDD590CE30801E76BE86B090167
:10E02000A46BA56B0501FA6B050EF96F07019D6BDB
:10E030000901A451D8A412000801E7510501DC6FC1
:10E040000801E8510501DD6F0801E74BE82B310EAF
:10E050000501DC5D750EDD59D8A012000801E76BE3
:10E06000E86B0901A46BA56B0501FA6B050EF96F4E
:10E0700007019D6F3B6A3C6A0500FA6E0601165166
:10E08000FD6E1751FE6E1851FF6EFA501200432AB2
:10E09000430405016A6F010E6A652DD0F307F32969
:10E0A00027E0F251020D420EF324D96E0F0EF42038
:10E0B000DA6E000EDE5C010EDE580CE3F251020D4A
:10E0C000420EF324D96E0F0EF420DA6EDF500201F7
:10E0D000B86F0BD0F251020D420EF324D96E0F0E21
:10E0E000F420DA6EDF504CEC0FF00501F22B02D079
:10E0F000F26BF36B436A0201C5A309D0B4C200FFFF
:10E100000F01016B0201C593446AABEC0FF0B6A09E
:10E110002CD00201C5511F0E446401D0446AC5AD24
:10E120000DD0446A4450020D000EF324D96E0F0E38
:10E13000F420DA6EDE6A010EDD6E0AD04450020D64
:10E14000000EF324D96E0F0EF420DA6EDE6ADD6A5B
:10E150004450020D000EF324D96E0F0EF420DA6E37
:10E16000B451DE26000EDD22442A0501606B616B8E
:10E17000626B636B646B656B666BAFEF07F09C0E55
:10E1800007016C6F100E6D6FF80E6E6F0A0E6F6FD9
:10E19000800E0501816F150E826F846B200E836FD8
:10E1A000866B690E856F64EC0BF0620E816F1F0E3B
:10E1B000826F000E836F11EC0FF0B40E816F1F0E93
:10E1C000826F000E836F18EC0FF0020ED2EC0CF091
:10E1D0005F500AE0C00E0501816F270E826F090EA5
:10E1E000836F846BF9EC0AF000018A93E86BFC9F63
:10E1F000849F020E866F848F3F0EFD17FD9BFD519D
:10E20000F90B0209FD6FE70EFD17FD816CC7F9F0F0
:10E210006DC7FAF0FB6BFC9BFC8F8A83530E1BECE3
:10E220000EF0050E81EC05F0520E1BEC0EF0230EE5
:10E2300081EC05F0410E1BEC0EF0510E1BEC0EF0C4
:10E24000DC0E0501816F050E826F836B846BF9EC28
:10E250000AF057EC0FF05F6A12000501A46BA56B82
:10E26000A06B260E9F6FA20EA16F0B0EA26F4DEC3E
:10E2700002F0578D0501A451A125D96EA551A22107
:10E28000DA6EA4C581F5A5C582F5E1EC0DF0DF6E6F
:10E290000501A44BA52B9F51A45DA051A559EAE30C
:10E2A000C7CBA3F5570E0B01C5193FE1190EC619CF
:10E2B000D8A4000C420EC76F0501A46BA56BA45136
:10E2C000A125D96EA551A221DA6EDF50816F826B34
:10E2D000836B846BEDEC0DF0030157BB01D002D0D2
:10E2E000010E01D0000E0009F7E10501A44BA52B9A
:10E2F0009F51A45DA051A559E2E3A3C59BF59C6B7A
:10E300009D6B9E6B000E8E6B8F6B906B916BD5EC43
:10E31000F2F09B518E1909E19C518F1906E19D5134
:10E32000901903E19E51911901E0000CA3C5C7FBB0
:10E33000010C070EC26EDA0EC16EBE6A020EC36E0B
:10E34000410EBF6E2A0EC06ECA6AF10ECB6EC66851
:10E35000E00EC76ED10EC86E270EC96E200E0401E6
:10E36000186FC00E106F800E086F206B286B00694D
:10E370008F0E196FF10E296F070E216F710E096F45
:10E38000016B310E116F226B2A6B026B010E0A6F4B
:10E39000126B800E1A6F03690B6913691B69070EF4
:10E3A000236F2B6904690C6914691C690F0E246FB3
:10E3B0002C690F9D0E8D0D9DAE0E0501816F1F0EF8
:10E3C000826F000E836FE0EC0EF09E8E180E02013D
:10E3D000746F0D0E6E6F310E146F200E126F350EAE
:10E3E0000D6F260E2A6F100E726F280E766F230E99
:10E3F0001F6F270E2B6F1A0E6D6F130E6A6F320E82
:10E40000166F140E6B6F140CCD0EC36FCC0EC46F51
:10E410004C0EC56F3F0EC66FC76BC86BC96BCA6B1E
:10E42000C7C5C1F5C8C5C2F5D890C137C237D890A5
:10E43000C137C237CF0EC125F66EF40EC221F76E7A
:10E44000F86A000EF8220900F5C4B1F50900F5C418
:10E45000B2F50900F5C4B3F50A00F5C4B4F5BDC5BD
:10E46000B5F5BEC5B6F5BFC5B7F5C0C5B8F525EC61
:10E47000F9F01FE2C7C5C1F5C8C5C2F5D890C137CC
:10E48000C237D890C137C2379F0EC125F66EF40E41
:10E49000C221F76EF86A000EF8220900F5C4C3F530
:10E4A0000900F5C4C4F50900F5C4C5F50A00F5C4B2
:10E4B000C6F5C72B000EC823C923CA23CA51C911E8
:10E4C000C81103E10C0EC75DABE3C3C5BDF5C4C500
:10E4D000BEF5C5C5BFF5C6C5C0F51200916B926B00
:10E4E000936B946B956B966B976B986B89518A11B4
:10E4F0008B118C118D118E118F11901145E0010E31
:10E50000996F0AD0D89089378A378B378C378D37F7
:10E510008E378F379037992B90AFF4D7D8909137AB
:10E52000923793379437953796379737983789517D
:10E53000815D8A5182598B5183598C5184598D51F7
:10E5400085598E5186598F5187599051885911E3B9
:10E550008951815F8A51825B8B51835B8C51845BD3
:10E560008D51855B8E51865B8F51875B9051885BA7
:10E570009181D89090338F338E338D338C338B339E
:10E580008A338933992FCAD791C581F592C582F50F
:10E5900093C583F594C584F595C585F596C586F52F
:10E5A00097C587F598C588F51200966FF30E03019D
:10E5B000571753510501976F986B996B9A6B54C31A
:10E5C00092F5936B946B956B94C595F593C594F503
:10E5D00092C593F5926B925197139351981394515E
:10E5E000991395519A1355C392F5936B946B956B50
:10E5F00093C595F592C594F5936B926B92519713D1
:10E60000935198139451991395519A1356C392F5B7
:10E61000936B946B956B92C595F5946B936B926B22
:10E6200092519713935198139451991395519A13AA
:10E63000965112E097C581F598C582F599C583F585
:10E640009AC584F588ECFCF081C597F582C598F5EC
:10E6500083C599F584C59AF58E51971B8F51981BE8
:10E660009051991B91519A1B97518E6F98518F6FB2
:10E67000906B916B000C09019E510501816F09019E
:10E680009F510501826F09019E4B9F2BB10E050121
:10E69000815D040E825904E309019E6B9F6B8C6BB4
:10E6A0000D01545155111CE00801E54BE62BE651D4
:10E6B00003E12E0EE55D35E3E56BE66B09018C5158
:10E6C0000CE19C519D1109E19E6B9F6B010E8B6FBC
:10E6D00054CD9CF955CD9DF98C6F010E8A6F21D0D8
:10E6E0000801E54BE62BE65103E15B0EE55D19E31E
:10E6F0000501EC5116E1460EEB5D13E20801E56BF6
:10E70000E66B09018C510CE19C519D1109E09E6B57
:10E710009F6B010E8B6F54CD9CF955CD9DF98C6F7D
:10E720008A6B0901A45105E054CDF9F555CDFAF5F0
:10E7300004D00501FA6B050EF96F050E07019D6FF8
:10E74000050C57000000000000570000000000000A
:10E7500000000000000000000000000000000000B9
:10E7600000000000000000000000000000000000A9
:10E770000000000000000000000000000000000099
:10E780000000000000000000000000000000000089
:10E790000000000000000000000000000000000079
:10E7A0000000000000000000000300000000000066
:10E7B0000000000000100000000000000000000049
:10E7C0000000000000000000000000000000000049
:10E7D0000000100000000000000000000000000029
:10E7E0000000000000000000000000000000001019
:10E7F0000000000000000000000000000000000019
:10E80000000000000000000000000000536C65657F
:10E810007000000000000000466C6F617400000092
:10E820000000000042756C6B00000000000000005A
:10E830004162736F726200000000000045717561F3
:10E840006C697A65000000004E2F41200000000036
:10E85000000000004F66666C696E650000000000F5
:10E86000464D783000000000000000000001030069
:10E87000400002000000010000004600000102000C
:10E88000000004000000000000000600000102007B
:10E89000000003000000000000000500000102006D
:10E8A000000002000000000000000400000102005F
:10E8B0000000000000000000000002000001020053
:10E8C00001006A000000000000006D00D4CA8BF552
:10E8D000D5CA8CF5D6CA8DF5D7CA8EF581C58BF50C
:10E8E00082C58CF583C58DF584C58EF58BC585F500
:10E8F0008CC586F58DC587F58EC588F505018735EC
:10E900008835856F866B876B886B86378551896FF5
:10E910008A6B89518A1116E1D8908B35856F8C35B9
:10E92000866F8D35876F8E35886F8551861187117B
:10E93000881104E1826B020E816F020C826B030E60
:10E94000816F030C89298A111DE18BC585F58CC562
:10E9500086F58DC587F58EC588F587C588F586C58A
:10E9600087F585C586F5856BD890863787378837D4
:10E970008551861187118811010ED8A4000E816F70
:10E98000826B1200826B040E816F040C936B91AF4B
:10E990000AD0911F901F8F1F8E6D000E8F23902322
:10E9A0009123010E936F8DAF0AD08D1F8C1F8B1F8B
:10E9B0008A6D000E8B238C238D23010E931B946B89
:10E9C000956B966B976B8E518F119011911129E079
:10E9D000010E926F06D0D8908E378F3790379137CF
:10E9E000922B91AFF8D7D8909437953796379737C1
:10E9F0008E518A5D8F518B5990518C5991518D59FF
:10EA000009E38E518A5F8F518B5B90518C5B9151E2
:10EA10008D5B9481D890913390338F338E33922FC6
:10EA2000E2D7935108E0971F961F951F946D000E33
:10EA300095239623972394C58AF595C58BF596C59E
:10EA40008CF597C58DF51200800E0601705D01E30F
:10EA50001200730ED56F060ED66F6DC6CAF66EC65F
:10EA6000CBF6705103E1020E6F5D09E3FF0E6F25D7
:10EA7000D36FFF0E7021D46FCC6BCD6B06D0D46BEF
:10EA8000010ED36FCD6B010ECC6FCA0E656F060EF3
:10EA9000666F71C667F672C668F6D50E696F060EA8
:10EAA0006A6F00EC80F065C6C8F666C6C9F66F519D
:10EAB0007011D8A4C9BF1200FF0E6F25C36FFF0EDF
:10EAC0007021C46FC351C85DC951800AC56FC4515C
:10EAD000800AC55907E3FF0E6F25C66FFF0E702130
:10EAE000C76F04D0C8C6C6F6C9C6C7F6C6516D25DD
:10EAF000D96EC7516E21DA6EDF6A1200886B896B9E
:10EB000081C5D9F482C5DAF4DEC4F6F4DDC4F7F4C5
:10EB1000000EF86E0800F5502A0A32E181C5D9F4DA
:10EB200082C5DAF4DE2A000EDD2283C5D9F484C55D
:10EB3000DAF4DFC485F5020EDE26DFC486F5000EAA
:10EB4000DD2285C5D9F486C5DAF4DEC488F5DDC4D6
:10EB500089F527D00A0E8803F3C485F5F4C486F539
:10EB60008903F350862787518525886F000E8621FB
:10EB7000896F81C5D9F482C5DAF4DE2A000EDD2260
:10EB800081C5D9F482C5DAF4DEC4F6F4DDC4F7F445
:10EB9000000EF86E0800F550D00F876F090E8765DC
:10EBA000D9D788C581F589C582F5120089518A11A6
:10EBB0008B118C118D118E118F1190113BE0010E74
:10EBC000916F0AD0D89089378A378B378C378D3739
:10EBD0008E378F379037912B90AFF4D78951815D65
:10EBE0008A5182598B5183598C5184598D51855941
:10EBF0008E5186598F5187599051885910E3895108
:10EC0000815F8A51825B8B51835B8C51845B8D5118
:10EC1000855B8E51865B8F51875B9051885BD89066
:10EC200090338F338E338D338C338B338A338933E8
:10EC3000912FD4D781C581F582C582F583C583F52F
:10EC400084C584F585C585F586C586F587C587F5B0
:10EC500088C588F512000501A06BA16B9C6B260E80
:10EC60009B6F420E0701DC6FB70E05019E6F070E0A
:10EC70009F6F190E0701DB6F570EDA6F4DEC02F034
:10EC8000578DA0C581F5A1C582F50501A0519E252E
:10EC9000D96EA1519F21DA6EDF50836FF1EC03F042
:10ECA0000501A0519E25D96EA1519F21DA6EDF503A
:10ECB000816F826B836B846BEDEC0DF0030157BBAE
:10ECC00001D002D0010E01D0000E0009F7E10501CC
:10ECD000A04BA12B9B51A05D9C51A159D2E3000EEA
:10ECE0008E6B8F6B906B916BD5ECF2F08E519D6FAC
:10ECF000826B250E816F9DC583F5F1EF03F0A16B4B
:10ED00009BAF0AD09B1F9A1F991F986D000E9923E5
:10ED10009A239B23010EA16F9FAF08D09F1F9E1FB8
:10ED20009D1F9C6D000E9D239E239F239C519D1132
:10ED30009E119F1123E0010EA06F06D0D8909C3742
:10ED40009D379E379F37A02B9FAFF8D79C51985D7A
:10ED50009D5199599E519A599F519B5908E39C5135
:10ED6000985F9D51995B9E519A5B9F519B5BD89098
:10ED70009F339E339D339C33A02FE8D7A15108E0E9
:10ED80009B1F9A1F991F986D000E99239A239B230E
:10ED900098C598F599C599F59AC59AF59BC59BF5BF
:10EDA0001200F7C484F5856B866B876B86C587F583
:10EDB00085C586F584C585F5846BF8C488F5896BAF
:10EDC0008A6B8B6B89C58BF588C58AF5896B886BD7
:10EDD000845188118C6F855189118D6F86518A11EC
:10EDE0008E6F87518B118F6FF6508C11926F8D51F2
:10EDF000936F8E51946F8F51956F83C5F8F482C5D0
:10EE0000F7F481C5F6F40900F5C490F50501916B9E
:10EE10000800F550846F856B84C585F5846B84513B
:10EE200090138551911394C5F8F493C5F7F492C5E6
:10EE3000F6F490C581F591C582F5120083518411D5
:10EE400003E08351841102E18151120020EE09F0A8
:10EE50008351D9268451DA22DE50DE1016E020EEEE
:10EE600009F08351D9268451DA2210EE02F0835141
:10EE7000E1268451E222DE50E65CE650800A896F8A
:10EE8000DE50800A8959D8B0120020EE02F083517A
:10EE9000D9268451DA22DEC485F5DDC486F583C522
:10EEA000D9F484C5DAF4DEC487F5DDC488F585516C
:10EEB0008725D96E86518821DA6E81C5DFF420EE70
:10EEC00002F08351D9268451DA22DE2A000EDD2297
:10EED000000CCC35CD35D36FD35105E1CA6BCB6B6C
:10EEE000CC6BCD6B1200CAC5CEF5CBC5CFF5CCC56A
:10EEF000D0F5CDC5D1F5CE6BD137CE37D16BD06B38
:10EF0000CF6BCE51D26FCC8FCD6B960ED35FD3AF7C
:10EF10000CD0D351800A970FE1E3D890CD33CC3396
:10EF2000CB33CA33D33FF9D70CD01F0ED36507D0EC
:10EF3000D5D7D890CA37CB37CC37CD37D307D351B5
:10EF4000F8E1D25108E0CD1FCC1FCB1FCA6D000ED7
:10EF5000CB23CC23CD23CAC5CAF5CBC5CBF5CCC5B5
:10EF6000CCF5CDC5CDF51200180E0C01E36F190ECE
:10EF7000E46F570EE56FE66BE769E869E30E05019C
:10EF80008C6F0C0E8D6F060E8E6F70ECFDF0180EF0
:10EF90000C01E619D8A4000C190EE719D8A4000C2E
:10EFA000570EE81901E0000CFC0E05018C6F0B0EEA
:10EFB0008D6F030E8E6F70ECFDF0FD0E8C6F080EE2
:10EFC0008D6F030E8E6F70ECFDF0FC0E8C6F0D0ECE
:10EFD0008D6F030E8E6F70ECFDF0FB0E8C6F0E0EBE
:10EFE0008D6F030E8E6F70ECFDF0F80E8C6F0E0EB1
:10EFF0008D6F030E8E6F70ECFDF0010C010EBFA43F
:10F00000000EFF0A05016F6F6F476F47BF506F1902
:10F01000FB0B6F19BF6EBF92BF962BEE4CF2DE2A30
:10F02000000EDE22DE22DE222BEE24F2DE2ADE229B
:10F03000DE22DE22010E0901886F22EEB2F1DFC46A
:10F040006FF5DF2A050E05016F6504D00EEC0DF09B
:10F050000901B26B08CC0CFC09CC0DFC0ACC0EFCEF
:10F060000BCC0FFC38CC3CFC39CC3DFC3ACC3EFC04
:10F070003BCC3FFC0C01086B096B0A6B0B6B386BCC
:10F08000396B3A6B3B6B2EC355FC03012E691200A2
:10F09000000E5924D96EDA6A130EDA22DF6A0201F1
:10F0A000B2A714D0000E5924D96EDA6A130EDA22F0
:10F0B000DF8201D80BD00500FA6E09018251FD6E86
:10F0C0008351FE6E8451FF6EFA5012000201B2A30A
:10F0D00014D0000E5924D96EDA6A130EDA22DF84B6
:10F0E00001D80BD00500FA6E09017F51FD6E8051E9
:10F0F000FE6E8151FF6EFA501200000E5924D96E37
:10F10000DA6A130EDA22DF5002E182EF0DF0050019
:10F11000FA6E09017C51FD6E7D51FE6E7E51FF6ECF
:10F12000FA501200000E5124D96EDA6A140EDA2257
:10F13000DF6A0201D8A714D0000E5124D96EDA6A12
:10F14000140EDA22DF8201D80BD00500FA6E090115
:10F150007951FD6E7A51FE6E7B51FF6EFA501200AE
:10F160000201D8A314D0000E5124D96EDA6A140E0D
:10F17000DA22DF8401D80BD00500FA6E090176513E
:10F18000FD6E7751FE6E7851FF6EFA501200000E40
:10F190005124D96EDA6A140EDA22DF5002E190EFC0
:10F1A0000DF00500FA6E09017351FD6E7451FE6E8B
:10F1B0007551FF6EFA5012008A6F050E05018A65BF
:10F1C00001D08A6B855107E0CA0E8A25D96EDA6AAA
:10F1D0000A0EDA22DF6ACA0E8A25D96EDA6A0A0EA8
:10F1E000DA22DF50866F8A51140D800EF324876F68
:10F1F000180EF420886F86518725D96E000E88215D
:10F20000DA6EDF50896F8A51140D800EF324816FFE
:10F21000180EF420826FE0EC0BF0CA0E8A25D96E2E
:10F22000DA6A0A0EDA22DF2ADF50866F876B815195
:10F23000865D8251875907E3CA0E8A25D96EDA6A3C
:10F240000A0EDA22DF6A895112000501B96BBA6B26
:10F25000800EB315BB6F7F0EB415BC6FB951BA11D8
:10F26000BB11BC1104E1B16BB26BB36BB46BB96B86
:10F27000BA6B800EB715BB6F7F0EB815BC6FB95156
:10F28000BA11BB11BC1104E1B56BB66BB76BB86BAF
:10F29000B4AF09D0B16DB21FD8B0B22BB31FD8B084
:10F2A000B32B800EB457B8AF09D0B56DB61FD8B028
:10F2B000B62BB71FD8B0B72B800EB857800EB41B33
:10F2C000B81BB551B15DB651B259B751B359B85128
:10F2D000B45902E2D8901200D8801200A290900E89
:10F2E0000501816FF00E826F010E836F8CEC0EF0C2
:10F2F000A2921C0E816F170E826F000E836F85EC39
:10F300000EF00201A56BA66BA76BA86BA96BAA6B8D
:10F31000B00EAB6F800EAC6FAD6B8A0EAE6FAF6B85
:10F32000B06BB16BB26BB36BB20E0501816F1F0E88
:10F33000826F000E836F9AEC0EF0B00E816F1F0E7D
:10F34000826F000E836F93EC0EF0800E816F1F0EA4
:10F35000826F000E836FA1EC0EF0566A5C6A5B6AE6
:10F36000400E5A6E596A586A576AA2801200C084C9
:10F37000630E816F0C0E826F030E3924836F000EB3
:10F380003A20846F866B800E856F74EC01F0DBCCC5
:10F3900081F5DCCC82F5DDCC83F5DECC84F5CDECDB
:10F3A00006F081C5DBFC82C5DCFC83C5DDFC84C5C1
:10F3B000DEFCDBCC8AF5DCCC8BF5DDCC8CF5DECC51
:10F3C0008DF5010E3FECEFF08AC5B1F58BC5B2F5B6
:10F3D0008CC5B3F58DC5B4F5B56BB66B7A0EB76F4A
:10F3E000440EB86F42ECE6F0B1C570FBB2C571FBDC
:10F3F000B3C572FBB4C573FBC0941200A790240E72
:10F400000501816FF10E826F010E836F69EC0EF0C2
:10F41000A792460E816F170E826F000E836F62EC0B
:10F420000EF00201CB6BCD6BCF6BB00ED16F800EA7
:10F43000D26F020ED36F8A0ED46FD56BD66BD76B9B
:10F44000D86BD96BC40E0501816F1F0E826F000E41
:10F45000836F77EC0EF0C20E816F1F0E826F000E6D
:10F46000836F70EC0EF0900E816F1F0E826F000E96
:10F47000836F7EEC0EF04E6A546A536A400E526EF1
:10F48000516A506A4F6AA7801200A790240E816FBC
:10F49000F10E826F010E836F69EC0EF0A792460E9B
:10F4A000816F170E826F000E836F62EC0EF0020107
:10F4B000CB6BCD6BCF6BB00ED16F800ED26F020EC7
:10F4C000D36F820ED46F060ED56FD66BD76BD86B09
:10F4D000D96BC40E0501816F1F0E826F000E836F02
:10F4E00077EC0EF0C20E816F1F0E826F000E836FDD
:10F4F00070EC0EF0900E816F1F0E826F000E836F06
:10F500007EEC0EF04E6A546A536A400E526E516A97
:10F51000506A4F6AA78012000301F96B070EFA6F59
:10F52000800ED86FFB6BD96BDA6BDB6BDC6BDF6B40
:10F53000E06BE36BE46BE56BE66BE76BEA6BEB6B45
:10F54000EC6B140EEE6FEF6BF06BF16BF26BF36B19
:10F55000010EF46F100EF56FF66BF76B020EF86F7D
:10F56000FC6BAF94AF96B090B80E0501816F1F0E83
:10F57000826F000E836F2DEC0FF0BC0E816F1F0E9B
:10F58000826F000E836F1FEC0FF0BA0E816F1F0E9B
:10F59000826F000E836F26EC0FF0840E0301F36F71
:10F5A000840C0501856B866B876B886B17D085C5CE
:10F5B00081F586C582F587C583F588C584F5050183
:10F5C000852B000E862387238823845183112AE10B
:10F5D000100E815D270E825901E31200070168B702
:10F5E000E6D70501856B866B876B886B17D085C561
:10F5F00081F586C582F587C583F588C584F5050143
:10F60000852B000E862387238823845183110AE1EA
:10F61000100E815D270E825901E31200000187ABB5
:10F62000E6D7BF9612000501CA51CB1134E0B56B85
:10F63000B66B800EB76F450EB86FCAC58AF5CBC5DD
:10F640008BF58C6B8D6B000E3FECEFF08AC5B1F53E
:10F650008BC5B2F58CC5B3F58DC5B4F542ECE6F0BB
:10F66000B1C598F5B2C599F5B3C59AF5B4C59BF582
:10F67000C3C79CF5C4C79DF5C5C79EF5C6C79FF512
:10F6800057ECD8F098C5CAF599C5CBF59AC5CCF515
:10F690009BC5CDF51200AC0ECA6FC50ECB6F270E01
:10F6A000CC6F370ECD6F370CAF0E916FF80E926F97
:10F6B000946B936B38ECE7F091C5FBF992C5FCF9BC
:10F6C00093C5FDF994C5FEF96EC7D9F46FC7DAF496
:10F6D000DFA609D0010E0701966F0A01E82B000E84
:10F6E000E923EA23EB23FBC9A6F5FCC9A7F5FDC96D
:10F6F000A8F5FEC9A9F50501D890A933A833A73309
:10F70000A633A6510B01966F0501A7510B01976F08
:10F710000501A8510B01986F996B0A01EC2B000EA3
:10F72000ED23EE23EF23000CCA51CB1134E0B56B6F
:10F73000B66B800EB76F450EB86FCAC58AF5CBC5DC
:10F740008BF58C6B8D6B000E3FECEFF08AC5B1F53D
:10F750008BC5B2F58CC5B3F58DC5B4F542ECE6F0BA
:10F76000B1C598F5B2C599F5B3C59AF5B4C59BF581
:10F77000CBC79CF5CCC79DF5CDC79EF5CEC79FF5F1
:10F7800057ECD8F098C5CAF599C5CBF59AC5CCF514
:10F790009BC5CDF51200AC0ECA6FC50ECB6F270E00
:10F7A000CC6F370ECD6F370C00000000000000005A
:10F7B0000000000000000000000000000000000049
:10F7C0000010000000000000000001000100000027
:10F7D0000000000000000000000000000000000029
:10F7E0000000000000000000000000000000000019
:10F7F0000000000000000000000000000000010008
:10F8000000000000000000000000000000000000F8
:10F81000000000010000000000000000A50700003B
:10F820007C7C2F2F2D2D0000000000000000000028
:10F83000000000007C7C2F2F2D2D5C5C0000000060
:10F8400000000000000000004F4F4F4F4F4F2D2D84
:10F850005F5F2D00000000000000000076763C3C59
:10F860005E5E3E3E00000000000000000000000060
:10F870002E2E2A2A7823782358587C7C2D2D0000A0
:10F88000000000002E2E6F6F4F4F6F6F00000000C2
:10F8900000000000000000008B6B89AF06D0886D6F
:10F8A000891FD8B0892B010E8B6F87AF06D0866D6C
:10F8B000871FD8B0872B010E8B1B8C6B8D6B8851EB
:10F8C00089111BE0010E8A6F04D0D89088378937E0
:10F8D0008A2B89AFFAD7D8908C378D378851865DBF
:10F8E0008951875905E38851865F8951875B8C81EF
:10F8F000D890893388338A2FEED78B5104E08C6DF2
:10F900008D1FD8B08D2B8CC586F58DC587F512005F
:10F91000010E8A6F8B6B8C6B8D6B030158511F0B23
:10F920000501856F852905D0D8908A378B378C37AC
:10F930008D37E82EF9D70501866B876B886B896B4D
:10F9400014D081A108D08A5186138B5187138C5112
:10F9500088138D518913D8908D338C338B338A3330
:10F96000D890843383338233813381518211831160
:10F970008411E7E186C581F587C582F588C583F5E1
:10F9800089C584F51200896B8A6B8B6B8C6B8551F2
:10F9900086118711881129E0010E8D6F06D0D8904D
:10F9A00085378637873788378D2B88AFF8D7D8903B
:10F9B00089378A378B378C378551815D86518259DB
:10F9C000875183598851845909E38551815F865154
:10F9D000825B8751835B8851845B8981D8908833AF
:10F9E0008733863385338D2FE2D789C581F58AC564
:10F9F00082F58BC583F58CC584F512008CC58FF517
:10FA00008DC590F5D1ECFAF0C186C2920701782B32
:10FA1000000E79237A237B23080E05018E6502D020
:10FA2000C282080CE80E816F0E0E826F8FC583F5BF
:10FA300090C584F58EC585F5866B74EC01F0E80EF3
:10FA4000816F0E0E826F8EC583F5846BBEEC04F061
:10FA50006EC781F56FC782F5E80E836F0E0E846F57
:10FA60008EC585F5866B74EC01F0C28212008D6F35
:10FA70000901A85113E0A86BA06BA16B05018D5182
:10FA800007E0530E1BEC0EF0020E81EC05F006D0E1
:10FA9000530E1BEC0EF0080E81EC05F00901A0518D
:10FAA00005018B6F0901A15105018C6F0901A04B64
:10FAB000A12B05018C5104E1100E8B5DD8A0120022
:10FAC0000901A06BA16B530E1BEC0EF00501F9515F
:10FAD000FA1103E1010E81EF05F0020E81EF05F04E
:10FAE0008CC58FF58DC590F5D1ECFAF0C186C2902A
:10FAF0000701782B000E79237A237B23080E05015A
:10FB00008E6502D0C280080CD80E816F0B0E826FFA
:10FB10008FC583F590C584F58EC585F5866B74EC2D
:10FB200001F0D80E816F0B0E826F8EC583F5846B4A
:10FB3000BEEC04F0E30E816F0C0E826FD80E836F63
:10FB40000B0E846F8EC585F5866B74EC01F0C28058
:10FB5000120020EE03F08151D9268251DA22DEC450
:10FB600085F5DDC486F585518325876F865184210F
:10FB7000886FFF0E8725D96EFF0E8821DA6EDF5061
:10FB8000896F20EE03F08151D9268251DA22DEC43A
:10FB90008AF5DDC48BF58A5183258C6F8B518421C6
:10FBA0008D6FFE0E8C25D96EFF0E8D21DA6EDF5023
:10FBB0008E6F8951906F8EC591F590C581F591C575
:10FBC00082F51200020E0001E86F800EF96FFA6BE9
:10FBD000FB6B0A0EF16FFC0EF06FFD6BF86B010E04
:10FBE000F76FEF6B030EEE6FFF6BFE6BB89AB89872
:10FBF000B89EB89CA88AC80E0501816F1F0E826F3F
:10FC0000000E836FF5EC0EF0A888C80E816F1F0EF2
:10FC1000826F000E836FE7EC0EF0A89EA88CC80ED2
:10FC2000816F1F0E826F000E836FEEEC0EF0800E60
:10FC30000001FC6F800C010EE86F800EF96FFA6B0B
:10FC4000FB6B0A0EF16FF80EF06F400EFD6FF86B54
:10FC5000010EF76FEF6B040EEE6FFF6BFE6BB49A45
:10FC6000B498B49EB49CA48AC60E0501816F1F0E81
:10FC7000826F000E836F0AEC0FF0A488C60E816FAE
:10FC80001F0E826F000E836FFCEC0EF0A49EA48CFE
:10FC9000C60E816F1F0E826F000E836F03EC0FF094
:10FCA000800E0001FC6F800CC4C5D9F4C5C5DAF420
:10FCB000DEC4A2F5DEC4A3F5DEC4A4F5DEC4A5F55A
:10FCC000C6C5A6F5C7C5A7F588ECC0F0A3AF03D09D
:10FCD000C46BC56B120020EE10F0C651D926C75177
:10FCE000DA22DE6ADD6A20EE12F0C651D926C7514B
:10FCF000DA22DE6ADE6ADE6ADD6A20EE16F0C651BE
:10FD0000D926C751DA22F30EDE6EFF0EDD6EC6C5B0
:10FD1000C4F5C7C5C5F512008A698B6922D081C5B3
:10FD2000D9F482C5DAF4DF508A19896F814B822BAE
:10FD30009F0E8925F66EF76AF30EF722F86A000E19
:10FD4000F8220800F5508B198A6F9F0E8925F66EF0
:10FD5000F76AF20EF722F86A000EF8220800F5C4DE
:10FD60008BF58307D8A084078329D9E18429D7E1BB
:10FD70008A51856F8B51876F85C588F587C581F559
:10FD800088C582F51200E86B9C0E0501846F100E89
:10FD9000856F84C5F9F085C5FAF00001FB6BF16B46
:10FDA000810EF06F020EFD6FF86B010EF76FEF6BB7
:10FDB000010EEE6F190EFF6FFE6BB09AB098B09EF9
:10FDC000B09CA09AA088B60E0501816F1F0E826FAD
:10FDD000000E836F11EC0FF0A09EA08CB60E816F09
:10FDE0001F0E826F000E836F18EC0FF0C00E000123
:10FDF000FC6FC00C86C581F587C582F5000E856F46
:10FE000081C583F582C584F50501D8908337843791
:10FE10008551020D740EF324D96E0B0EF420DA6EA8
:10FE200083C5DEF484C5DDF404D0000000000000CA
:10FE30000000000E0501836F05018351020D740E51
:10FE4000F324D96E0B0EF420DA6EDE50DE1004E1DE
:10FE500001D002D0010E01D0000E0009E6E0120030
:10FE60008EC5D9F48FC5DAF492C5DFF40A0E816F1E
:10FE70009051F4EC0BF0300F8E07D8A08F078EC591
:10FE8000D9F48FC5DAF4DF6E90C586F5876B896B80
:10FE90000A0E886F4CECFCF08651906F90510BE08D
:10FEA0009051300F8E07D8A08F078EC5D9F48FC51B
:10FEB000DAF4DF6E12008E07D8A08F078EC5D9F452
:10FEC0008FC5DAF491C5DFF41200866B82AF06D0DD
:10FED000816D821FD8B0822B010E866F84AF04D053
:10FEE000836D841FD8B0842B8351841117E0010ED9
:10FEF000856F04D0D89083378437852B84AFFAD7A9
:10FF00008351815D8451825904E38351815F84511F
:10FF1000825BD89084338333852FF2D7865104E0F7
:10FF2000816D821FD8B0822B81C581F582C582F593
:10FF30001200896B8A6B800E83158B6F7F0E841580
:10FF40008C6F89518A118B118C1104E1816B826B4A
:10FF5000836B846B896B8A6B800E87158B6F7F0E2A
:10FF600088158C6F89518A118B118C1104E1856B76
:10FF7000866B876B886B8551811909E186518219DF
:10FF800006E18751831903E18851841902E0D89072
:10FF90001200D8801200D68A000ED6BE010E0501CE
:10FFA000816FD69E550E0401596FAA0E596F599153
:10FFB0005F6B5E6B080E5D6F550E596FAA0E596F21
:10FFC0005981050181B102D0D69E01D0D68E0301A0
:10FFD000688B6889688D678567816489648D6C8B9F
:10FFE0006C896C8D628F6B836B8166836681659F84
:10FFF00071976A996799659912000400000CFFFFD8
:020000040030CA
:10000000AFECEFF7F2CFFFFFFFFEFFFFFFFFFFFFB9
:10001000FFFFFFFFFFFFFFFFFFFFFFFFFFFFFFFFF0
:03002000FFFFFFE0
:00000001FF
